Price_Date,AAPL,MSFT,XOM,BAC,UNH
5/7/2003,8.75,26.38,35.2,37.205,47.04
5/8/2003,8.75,26.38,35.2,37.205,47.04
5/19/2003,9.05,24.8,35.04,36.235,47.15
5/20/2003,8.895,24.63,35.32,36.255,47.875
5/21/2003,8.925,24.03,35.79,36.525,48.95
5/22/2003,9.12,24.16,35.95,36.56,48.395
6/5/2003,8.82,24.09,37.16,38.36,48.505
6/6/2003,8.575,23.67,37.34,38.46,48.93
6/9/2003,8.395,23.75,37.46,37.915,48.575
6/10/2003,8.655,24.88,36.98,37.855,47.995
6/11/2003,8.725,24.88,38.2,39.195,50.625
6/12/2003,8.885,24.99,38.2,39.22,51.01
6/16/2003,9.135,25.39,38.31,39.945,51.5
6/17/2003,9.095,25.959,37.67,39.92,52.445
6/19/2003,9.57,26.07,36.88,39.205,24.965
6/20/2003,9.6,26.33,36.89,39.455,25.295
6/23/2003,9.53,25.78,36.94,38.96,25.165
7/12/2003,10.4295,27.08,35.88,41.575,26.22
7/19/2003,10.4295,27.08,35.88,41.575,26.22
7/20/2003,10.4295,27.08,35.88,41.575,26.22
7/21/2003,10.4295,27.08,35.88,41.575,26.22
7/22/2003,10.4,26.38,35.72,41.595,26.415
7/23/2003,10.395,26.45,35.67,41.68,27.255
7/24/2003,10.255,26,35.25,40.98,26.625
7/25/2003,10.77,26.89,35.76,41.765,27.055
7/28/2003,10.495,26.61,35.75,41.415,27.335
7/29/2003,10.36,26.47,35.43,41.44,27.575
7/30/2003,10.14,26.23,35.32,41.375,27.375
7/31/2003,10.54,26.41,35.58,41.285,26.045
8/1/2003,10.365,26.17,35.33,40.37,26.25
8/4/2003,10.605,26.18,35.61,40.8,26.215
8/5/2003,10.19,25.66,35.35,39.9,25.425
8/6/2003,9.815,25.65,35.75,40.3,24.395
8/7/2003,9.965,25.71,36.25,40.265,24.985
8/8/2003,9.82,25.64,36.52,40.645,24.935
8/11/2003,9.83,25.61,36.52,40.305,25.39
8/12/2003,9.85,25.73,36.71,40.715,25.58
8/13/2003,10.09,25.6,36.5,40.395,25.22
8/14/2003,9.985,25.63,36.94,40.71,25.605
8/15/2003,9.855,25.46,36.83,40.75,25.605
8/18/2003,10.17,25.7,36.92,40.535,25.83
8/19/2003,10.16,26.62,36.68,40.605,25.735
8/20/2003,10.505,26.45,36.8,40.855,25.15
8/21/2003,10.84,26.24,37.05,40.495,24.79
8/22/2003,10.44,26.22,36.53,39.19,24.455
8/25/2003,10.43,26.5,36.77,38.83,24.35
8/26/2003,10.525,26.57,36.83,38.945,24.62
8/27/2003,10.74,26.42,37.25,38.815,24.475
8/28/2003,11.095,26.51,37.55,39.15,24.4
8/29/2003,11.305,26.52,37.7,39.625,24.715
9/2/2003,11.425,27.26,37.97,39.715,24.9
9/3/2003,11.475,28.3,38.08,39,24.775
9/4/2003,11.415,28.43,38.16,38.12,24.935
9/5/2003,11.25,28.38,37.97,38.075,24.8
9/8/2003,11.37,28.84,38.47,38.49,25.255
9/9/2003,11.185,28.37,38.11,38.055,25.155
5/21/2004,13.555,25.89,42.6,40.735,31.6
5/20/2004,13.355,25.73,42.73,40.66,31.32
5/19/2004,13.235,25.62,42.6,40.325,31.575
5/18/2004,13.53,25.83,42.69,40.425,31.48
5/17/2004,13.32,25.54,43.05,39.935,31.3
5/14/2004,13.53,25.86,43.27,40.1,31.26
5/13/2004,13.595,26.1,42.73,40.09,31.155
5/12/2004,13.65,25.94,43,40.17,30.94
5/11/2004,13.57,25.94,42.6,39.215,30.665
5/10/2004,13.14,25.93,42.05,38.96,30.17
5/7/2004,13.335,25.78,43.25,39.275,30.265
5/6/2004,13.29,26.12,43.83,40.05,30.85
5/5/2004,13.325,26.3,43.99,40.785,31.27
5/4/2004,13.07,26.33,43.52,40.76,30.75
5/3/2004,13.035,26.35,43.68,40.49,31.23
4/30/2004,12.89,26.13,42.55,40.245,30.74
4/29/2004,13.385,26.48,42.54,40.325,31.14
4/28/2004,13.225,26.56,43.12,40.45,31.675
4/27/2004,13.47,27.22,43.75,40.895,32.26
4/26/2004,13.565,27.24,43.01,40.595,31.95
4/23/2004,13.85,27.54,42.97,40.725,32.975
4/22/2004,13.89,25.95,43.3,40.695,33.105
4/21/2004,13.865,25.45,42.95,40.29,32.385
4/20/2004,13.865,25.33,42.73,40.04,31.75
4/19/2004,14.175,25.53,43.73,40.58,32.53
4/16/2004,14.59,25.16,43.86,40.39,32.705
4/15/2004,14.65,25.215,43.68,40.14,31.975
4/14/2004,13.32,25.51,43.3,40.045,33.45
4/13/2004,13.465,25.45,42.82,40.25,33.695
4/12/2004,14.02,25.61,43.11,40.985,34.04
4/8/2004,13.765,25.48,42.45,40.525,33.25
4/7/2004,13.655,25.59,41.9,40.725,33.43
4/6/2004,13.915,25.8,42.19,41,33.59
4/5/2004,14.16,25.951,42.25,40.625,33.5
4/2/2004,13.75,25.85,41.91,40.255,32.56
4/1/2004,13.555,25.08,41.52,40.735,32.485
3/31/2004,13.52,24.93,41.59,40.49,32.22
3/30/2004,13.96,25.2,41.55,40.885,31.82
3/29/2004,13.955,25.31,41.09,40.52,31.625
3/26/2004,13.52,25.03,40.74,40.05,31.035
3/25/2004,13.435,25.19,40.25,39.87,31.145
3/24/2004,12.75,24.41,40.1,39.155,30.995
3/23/2004,12.645,24.15,40.76,39.265,31.85
3/22/2004,12.93,24.5,40.94,39.365,31.475
3/19/2004,12.93,24.63,41.5,39.925,31.735
3/18/2004,12.835,24.89,42.46,40.04,32.04
3/17/2004,13.095,25.13,42.24,40.225,31.67
3/16/2004,12.91,25.18,42.07,40.055,31.455
3/15/2004,13.225,25.16,41.78,39.695,31.06
3/12/2004,13.78,25.38,42.03,40.16,30.91
3/11/2004,13.575,25.09,41.35,39.775,30.305
3/10/2004,13.84,25.37,42.43,39.995,30.81
3/9/2004,13.55,25.72,42.78,40.885,30.705
3/8/2004,13,25.83,42.56,41.22,31.225
3/5/2004,13.37,26.35,42.49,41.37,31.585
3/4/2004,12.58,26.37,41.75,41.06,31.25
3/3/2004,11.96,26.37,41.9,41.31,31.16
3/2/2004,11.905,26.39,42.04,41.25,30.64
3/1/2004,12.01,26.7,42.52,41.065,30.82
2/27/2004,11.96,26.53,42.17,40.96,31
2/26/2004,11.52,26.5,42.31,41,30.99
2/25/2004,11.405,26.7,42.65,40.855,30.94
2/24/2004,11.18,26.88,42.31,40.725,30.96
2/23/2004,11.095,26.61,42.58,41,30.605
2/20/2004,11.2,26.57,42.03,40.67,30.52
2/19/2004,11.235,26.46,41.95,40.685,30.525
2/18/2004,11.63,26.77,41.8,40.785,30.15
2/17/2004,11.58,26.99,42.23,40.93,30.25
2/13/2004,11.5,26.59,41.91,40.785,29.835
2/12/2004,11.865,26.95,41.91,40.825,29.6
2/11/2004,11.9,27.15,41.92,40.995,29.7
2/10/2004,11.49,27.02,41.09,40.81,30
2/9/2004,11.3335,26.9,40.73,40.84,29.775
2/6/2004,11.355,27.08,40.51,41.38,29.81
2/5/2004,11.21,26.96,40.38,41,29.56
2/4/2004,10.895,27.01,40.35,40.85,30.035
2/3/2004,11.13,27.29,40.41,40.755,30.045
2/2/2004,11.16,27.4,40.69,40.775,30.01
1/30/2004,11.28,27.65,40.79,40.73,30.44
1/29/2004,11.34,27.91,41.47,40.46,30.455
1/28/2004,11.26,27.71,40.81,40.25,29.71
1/27/2004,11.535,28.25,41.19,41,29.73
1/26/2004,11.505,28.8,41.55,41.12,29.95
1/23/2004,11.28,28.48,41.04,40.635,29.835
1/22/2004,11.09,28.01,41.28,40.85,30.335
1/20/2004,11.365,28.1,40.88,40.035,29.285
1/16/2004,11.36,27.81,40.5,39.51,29.33
1/15/2004,11.425,27.54,40.28,39.34,29.15
1/14/2004,12.1,27.7,40.68,39.625,28.99
1/13/2004,12.06,27.43,40.68,39.15,28.255
1/12/2004,11.865,27.57,40.86,39.25,28.35
1/9/2004,11.5,27.66,40.29,39.175,28.455
1/8/2004,11.68,28.16,40.9,39.525,28.715
1/7/2004,11.295,28.21,41,39.505,28.655
1/6/2004,11.045,28.24,41.3,39.595,28.39
1/5/2004,11.085,28.14,41.58,39.66,28.1
1/2/2004,10.64,27.45,40.63,39.545,29.52
12/31/2003,10.685,27.37,41,40.215,29.09
12/30/2003,10.64,27.52,40.68,40.25,28.905
12/29/2003,10.575,27.46,40.58,40.15,29.05
12/26/2003,10.39,27.21,40.05,39.795,28.25
12/24/2003,10.205,27.04,39.83,39.625,28.105
12/23/2003,9.905,27.15,39.75,39.655,28.01
12/22/2003,9.925,27.18,39.47,39.53,28.21
12/19/2003,9.85,27.36,39.6,39.5,28.025
12/18/2003,10.02,27.4,39.41,39.45,28.145
12/17/2003,9.94,27.04,38.88,38.94,27.96
12/16/2003,10.06,27.06,38.47,38.75,27.435
12/15/2003,10.085,26.74,37.8,38.215,27.24
12/12/2003,10.445,26.65,38.06,37.925,27.235
12/11/2003,10.605,26.61,37.91,37.945,26.875
12/10/2003,10.19,26.59,37.79,37.795,26.615
12/8/2003,10.525,26.24,37.4,38,26.88
12/5/2003,10.425,25.98,36.78,37.555,26.68
12/4/2003,10.575,26.2,37.02,37.74,27.09
12/3/2003,10.515,25.67,36.54,37.725,27.25
12/2/2003,10.77,25.66,36.5,38.305,27.46
12/1/2003,10.855,25.84,36.39,38.175,27.325
11/28/2003,10.455,25.71,36.17,37.715,26.95
11/26/2003,10.36,25.45,36.28,37.735,26.885
11/25/2003,10.575,25.73,35.56,37.45,26.4
11/24/2003,10.575,25.73,35.56,37.45,26.4
11/21/2003,10.14,25.11,35.34,37.175,25.86
11/20/2003,10.1875,25.1,35.31,37,25.4
11/19/2003,10.20995,25.35,35.44,37.185,25.79
11/18/2003,10.205,25.15,35.15,36.975,24.55
11/17/2003,10.565,25.1,35.6,37.285,24.925
11/14/2003,10.73,25.5,36,37.36,24.84
11/13/2003,11.21,25.69,36.26,37.705,24.95
11/12/2003,11.165,25.98,36.02,37.905,24.82
11/11/2003,10.77,25.8,36.05,37.755,24.46
11/10/2003,10.95,26.001,35.76,37.805,24.12
11/7/2003,11.25,26.1,35.56,38.075,23.925
11/6/2003,11.56,26.23,35.92,38.42,24.55
11/5/2003,11.515,26.1,36.03,38.1,25
11/4/2003,11.455,26.07,36.32,37.77,24.84
11/3/2003,11.575,26.68,36.68,37.995,25.21
10/31/2003,11.445,26.14,36.58,37.865,25.44
10/30/2003,11.545,26.12,36.3,37.585,25.525
10/29/2003,11.845,26.74,37.81,37.18,26.135
10/28/2003,11.86,27.2,38,36.425,26.175
10/27/2003,11.3,26.91,37.74,36.785,26.2
10/24/2003,11.3,26.61,37.85,40.93,27.125
10/23/2003,11.495,28.91,37.6,40.89,26.99
10/22/2003,11.38,28.89,37.35,40.515,27.5
10/21/2003,11.59,29.353,38.35,40.51,27.775
10/20/2003,11.61,29.35,38.62,40.705,27.45
10/17/2003,11.375,28.93,38.66,40.85,26.995
10/16/2003,11.625,29.23,38.91,40.965,26.69
10/15/2003,12.41,29.07,38.49,41.03,25.665
10/14/2003,12.275,28.68,38.74,41.25,26.225
10/13/2003,12.175,28.78,38.48,40.87,26.475
10/10/2003,11.84,28.91,38.3,40.56,26.085
10/9/2003,11.725,28.94,37.95,40.335,25.79
10/8/2003,11.53,28.82,38.04,40.17,25.625
10/7/2003,11.61,29.14,38.34,40.175,25.825
10/6/2003,11.145,29.19,38.09,40.225,25.75
10/3/2003,10.845,29.08,37.75,39.775,26.3
10/2/2003,13.47,27.22,43.75,40.895,32.26
10/1/2003,10.395,28.52,37.35,39.61,25.88
9/30/2003,10.36,27.8,36.6,39.02,25.16
9/29/2003,10.65,28.83,37.02,39.36,24.39
9/26/2003,10.345,28.19,36.78,39.4,24.165
9/25/2003,10.215,28.24,37.15,39.25,24
9/24/2003,10.66,28.46,36.9,39.2,24.525
9/23/2003,11.215,29.6,37.06,39.525,24.78
9/22/2003,11.04,29.07,36.72,39.3,24.85
9/19/2003,11.29,29.96,36.99,39.61,24.98
9/18/2003,11.44,29.5,37.08,39.845,25.295
9/17/2003,11.06,28.5,36.84,38.985,25.34
9/16/2003,11.18,28.9,37.71,38.82,25.04
9/15/2003,11.105,28.36,37.51,38.5,25.02
9/12/2003,11.55,28.34,37.73,37.915,24.95
9/11/2003,11.28,27.84,38,37.8,25.01
9/10/2003,11.09,27.55,38,37.435,25
6/29/2004,16.25,28.5,44.57,42.285,30.705
6/28/2004,16.245,28.28,44.38,42.36,30.375
6/25/2004,16.85,28.57,44.25,42,30.865
6/24/2004,16.59,28.39,45.27,42.72,30.65
6/23/2004,16.85,28.3,45.46,42.385,30.73
6/22/2004,16.5,28.29,44.9,42.26,30.7
6/21/2004,16.165,28.35,44.73,42.47,31.115
6/18/2004,16.455,28.35,44.98,42.255,32
6/17/2004,16.405,27.769,44.77,41.835,31.875
6/16/2004,16.37,27.32,44.73,41.965,31.9
6/15/2004,15.345,27.405,44.08,42.115,31.86
6/14/2004,15.06,26.9,43.85,41.275,31.775
6/10/2004,15.37,26.77,43.98,42.105,31.93
6/9/2004,15.1,26.47,43.45,41.775,32.325
6/8/2004,15.175,26.6,43.89,42.075,32.53
6/7/2004,14.905,26.43,44,42.315,32.76
6/4/2004,14.39,25.95,43.37,41.8,32.475
6/3/2004,14.2,25.89,43.55,41.515,32.79
6/2/2004,14.46,26.13,43.78,41.565,32.84
6/1/2004,14.03,26.11,43.7,41.52,32.7
5/28/2004,14.03,26.23,43.25,41.565,32.625
5/27/2004,14.085,26.19,43.37,41.305,32.215
5/26/2004,14.255,26.14,43.55,41.47,31.505
5/25/2004,14.205,26.1,43.82,41.22,31.81
5/24/2004,13.67,25.76,42.8,40.775,31.86
6/30/2004,16.27,28.56,44.41,42.31,31.125
7/1/2004,16.15,28.63,44.59,41.99,30.9
7/2/2004,15.54,28.57,44.72,42.115,30.475
7/6/2004,15.475,28.02,45.1,41.83,30.04
7/7/2004,15.195,28.1,45.37,42.115,30.635
7/8/2004,15.07,27.64,45.32,41.805,30.165
7/9/2004,15.015,27.86,45.45,41.955,30.125
7/12/2004,220.25,86.26,207.77,136.825,129.98
7/13/2004,14.61,27.6,45.21,42.565,30.995
7/14/2004,14.79,28.13,45.46,42.15,30.95
7/15/2004,16.465,27.87,45.32,41.925,32.855
7/16/2004,16.1,27.48,45.83,42.235,32.82
7/19/2004,15.985,27.95,45.9,42.69,32.665
7/20/2004,16.1,28.32,45.9,42.63,32.97
7/21/2004,15.81,28.86,45.17,41.955,32.155
7/22/2004,15.84,29,45.39,42.435,31.97
7/23/2004,15.35,28.03,45.32,42.43,31.45
7/26/2004,15.63,28.66,45.33,42.635,31.845
7/27/2004,16.215,28.44,45.41,42.5,30.75
7/28/2004,16.135,28.58,45.81,42.465,30.9
7/29/2004,16.32,28.48,46.03,42.485,32.005
7/30/2004,16.17,28.49,46.3,42.505,31.45
8/2/2004,15.79,28.52,46.25,42.835,31.525
8/3/2004,15.645,28.07,46.89,42.905,31.155
8/4/2004,15.895,28.06,46.24,42.55,31.175
8/5/2004,15.695,27.53,45.83,41.95,30.98
8/6/2004,14.89,27.14,45.12,41.955,30.675
8/9/2004,15.15,27.18,45.56,41.965,30.685
8/10/2004,15.76,27.72,45.29,42.5,31.535
8/11/2004,15.505,27.41,45.13,42.765,32.1
8/12/2004,15.185,26.88,44.56,42.655,32.135
8/13/2004,15.42,27.02,44.92,42.48,32.45
8/16/2004,15.39,27.09,45.09,43.05,32.61
8/17/2004,15.435,27.05,44.36,43.44,32.5
8/18/2004,15.87,27.46,44.81,43.725,32.535
8/19/2004,15.355,27.12,45.09,43.83,32.45
8/20/2004,15.4,27.2,45.25,44.25,32.785
8/23/2004,15.54,27.24,44.99,44.15,32.48
8/24/2004,15.975,27.24,44.85,44.345,32.49
8/25/2004,16.525,27.55,45.19,44.34,32.585
8/26/2004,17.33,27.44,45.25,44.1,32.65
8/27/2004,17.175,27.46,45.44,44.505,32.82
8/30/2004,17.06,27.3,45.13,44.57,32.58
8/31/2004,17.245,27.3,46.1,44.98,33.065
9/1/2004,17.93,27.39,46.44,43.65,33.335
9/2/2004,17.83,27.62,46.98,43.85,33.675
9/3/2004,17.615,27.11,47.06,43.61,33.52
9/7/2004,17.88,27.36,47.15,88.0236,34.09
9/8/2004,18.175,27.26,47.07,44.11,34.3
9/9/2004,17.85,27.28,47.48,44.37,34.295
9/10/2004,17.935,27.49,47.37,44.6,34.435
9/13/2004,17.795,27.25,47.5,44.48,34.505
9/14/2004,17.745,27.44,47.47,44.35,34.97
9/15/2004,17.6,27.19,47.43,44.17,35.14
9/16/2004,18.175,27.26,47.55,88.5989,34.89
9/17/2004,18.57,27.51,48.37,44.66,34.91
9/20/2004,18.855,27.51,48.21,44.37,34.875
9/21/2004,19.005,27.26,49.49,44.68,35.255
9/22/2004,18.46,27.12,48.86,43.92,35.15
9/23/2004,18.635,27.35,47.76,87.5578,35.045
9/24/2004,18.645,27.29,47.83,43.98,35.665
9/27/2004,18.765,27.19,47.96,43.82,36.29
9/28/2004,19.02,27.27,48.53,43.68,36.835
9/29/2004,19.34,27.58,48.15,43.59,36.11
9/30/2004,19.375,27.65,48.33,86.6431,36.87
10/1/2004,19.335,28.25,48.89,44.16,36.88
10/4/2004,19.395,28.12,48.92,44.35,36.61
10/5/2004,19.685,28.38,49.32,44.72,36.905
10/6/2004,20.32,28.53,50.03,45.25,37.3
10/7/2004,19.81,28.17,49.74,90.4779,37.445
10/8/2004,19.53,27.99,49.84,90.3275,36.7
10/11/2004,19.295,28.06,49.79,45.41,36.625
10/12/2004,19.145,28.03,49.37,45.53,36.29
10/13/2004,19.875,28.03,48.48,45,36.005
10/14/2004,22.49,27.8,48.71,89.3574,36.33
10/15/2004,22.75,27.99,49.02,44.99,36.675
10/18/2004,23.875,28.41,48.75,44.98,36.675
10/19/2004,23.71,28.18,48.31,44.36,33.25
10/20/2004,23.735,28.699,48.87,43.72,34.93
10/21/2004,23.97,28.56,48.81,87.5827,34.125
10/22/2004,23.705,27.74,48.7,43.8,34.93
10/25/2004,23.775,27.63,48.81,43.62,34.6
10/26/2004,23.985,27.9,49.39,43.87,35.505
10/27/2004,25.15,28.15,48.95,88.23,36.4
10/28/2004,26.095,28.01,48.61,88.88,36.325
10/29/2004,26.2,27.97,49.22,44.79,36.2
11/1/2004,26.225,28.08,48.82,45.11,36.11
11/2/2004,26.75,28.24,48.43,45.17,35.965
11/3/2004,27.655,28.47,49.27,45.64,37.765
11/4/2004,27.225,29,50.19,91.89,38.875
11/5/2004,27.36,29.31,50.39,45.95,39.74
11/8/2004,27.19,29.28,50.17,45.97,39.73
11/9/2004,27.025,29.77,49.31,45.93,39.655
11/10/2004,27.375,29.73,49.67,46.23,40.48
11/11/2004,27.65,29.98,49.66,93.34,40.85
11/12/2004,27.75,29.97,50.42,47.44,40.75
11/15/2004,27.62,27.39,49.58,47.33,40.83
11/16/2004,27.4675,27.12,49.41,46.77,40.385
11/17/2004,27.45,27.17,50,46.59,40.645
11/18/2004,27.695,27.07,50.05,93,41.265
11/19/2004,27.585,26.86,50.38,45.85,40.86
11/22/2004,30.675,26.65,50.91,46.26,40.99
11/23/2004,30.635,26.53,51.2,46.4,41.255
11/24/2004,32.025,26.64,51.49,46.46,41.13
11/25/2004,0,0,0,46.46,0
11/26/2004,32.275,26.6,51.65,46.47,41.94
11/29/2004,34.22,26.77,51.37,46.34,41.49
11/30/2004,33.525,26.81,51.25,46.27,41.425
12/1/2004,33.895,27.25,51.15,46.59,41.07
12/2/2004,32.605,27.09,50.17,93.01,40.925
12/3/2004,31.34,27.23,50.27,46.32,41.155
12/6/2004,32.89,27.33,50.14,46.5,40.615
12/7/2004,31.445,27.03,49.56,45.85,39.85
12/8/2004,31.64,27.36,50.02,46.11,41.27
12/9/2004,31.995,27.23,50.32,92.31,42.375
12/10/2004,32.575,27.08,50.15,45.88,42.385
12/13/2004,32.455,27.25,50.67,45.96,42.865
12/14/2004,32.645,27.23,50.66,91.79,43.45
12/15/2004,32.63,27.11,50.51,45.93,43.115
12/16/2004,33.298,27.16,50.1,92.02,43.025
12/17/2004,0,26.96,49.8,45.2,42.68
12/20/2004,31.36,26.95,51.06,45.52,42.375
12/21/2004,31.845,27.07,51.69,46.31,42.61
12/22/2004,31.875,26.97,51.29,46.8,42.74
12/23/2004,32.005,27.01,51.97,93.5,42.5
12/27/2004,31.58,26.85,50.88,46.66,42.835
12/28/2004,32.09,26.95,51.05,46.97,43.49
12/29/2004,32.22,26.9,51.13,46.86,43.675
2/16/2005,45.065,25.79,58.48,46.77,44.935
2/17/2005,43.905,25.65,58.13,93.13,44.51
2/18/2005,43.405,25.48,59.41,45.74,44.525
2/22/2005,42.645,25.23,58.25,45.2,43.45
2/23/2005,44.115,25.2,59.42,45.73,44.175
2/24/2005,44.465,25.37,61.13,91.93,44.65
2/25/2005,44.495,25.25,63.26,92.99,45.695
2/28/2005,44.74,25.16,63.31,46.65,45.58
3/1/2005,44.5,25.28,62.1,47.08,45.41
3/2/2005,44.121,25.26,62.68,46.57,45.725
3/3/2005,41.79,25.17,63.05,92.9,45.82
3/4/2005,42.81,25.17,63.57,46.78,46.645
3/7/2005,42.75,25.47,63,46.47,45.6
3/8/2005,40.53,25.4,63.1,46.26,45.175
3/9/2005,39.35,25.31,60.79,45.7,45.125
3/10/2005,39.83,25.43,60.37,91.56,45.71
3/11/2005,40.27,25.09,61.05,45.77,45.14
3/14/2005,40.32,25.11,61.28,45.8,45.235
3/15/2005,40.96,24.91,60.35,45.54,45.04
3/16/2005,41.18,24.63,60.29,44.8,45.04
3/17/2005,42.25,24.54,61.49,89.58,45.55
3/18/2005,42.96,24.31,62.65,44.94,45.625
3/21/2005,43.7,24.2,62.15,44.3,45.815
3/22/2005,42.83,23.99,60.9,87.96,46.025
3/23/2005,42.55,24.18,60.09,43.98,46.19
3/24/2005,42.5,24.28,59,87.73,46.425
3/28/2005,42.53,24.2,58.89,44.29,46.56
3/29/2005,41.75,23.92,58.27,43.89,46.55
3/30/2005,42.8,24.16,59.24,44.02,47.855
3/31/2005,41.67,24.17,59.6,88.12,47.69
4/1/2005,40.89,24.12,60.55,44.01,47.915
4/4/2005,41.09,24.23,60.65,44.16,48.25
4/5/2005,41.89,24.47,60.06,44.31,48.965
4/6/2005,42.33,24.67,60.9,44.6,49.02
4/7/2005,43.56,25.1,60.85,89.43,49.54
4/8/2005,43.74,24.94,60.01,44.68,49.2
4/11/2005,41.92,24.97,60.29,44.98,48.605
4/12/2005,42.66,25.32,60.43,45.52,48.6
4/13/2005,41.04,25.04,59.15,45.11,47.98
4/14/2005,37.26,24.84,58.75,89.79,46.955
4/15/2005,35.35,24.46,56.19,44.28,46.635
4/18/2005,35.62,24.65,57.25,44.73,45.585
4/19/2005,37.09,24.63,58.63,44.93,46.6
4/20/2005,35.51,24.32,57.14,44.23,46.075
4/21/2005,37.18,25.28,59.28,88.62,46.215
4/22/2005,35.5,24.98,59.42,44.37,45.63
4/25/2005,36.98,24.99,59.96,44.83,45.375
4/26/2005,36.19,24.76,59.27,44.61,45.03
4/27/2005,35.95,24.99,58.38,44.87,46.345
4/28/2005,35.54,24.45,56,89.6,46.245
4/29/2005,36.06,25.3,57.03,89.95,47.255
5/2/2005,36.43,25.23,57.74,45.34,47.34
5/3/2005,36.21,25.36,56.5,45.36,48.355
5/4/2005,37.15,25.21,57.23,45.97,48.65
5/5/2005,36.68,25.23,57.8,91.82,48.6
5/6/2005,37.24,25.22,57.6,91.35,49.205
5/9/2005,36.97,25.11,58.01,45.73,49.295
5/10/2005,36.42,24.9,57.23,45.38,48.93
5/11/2005,35.61,24.91,57.29,45.66,49
5/12/2005,34.13,25,54.82,91,49.02
5/13/2005,34.77,25.3,53.7,45.13,47.685
5/16/2005,35.55,25.49,53.35,45.85,48.425
5/17/2005,35.36,25.46,53.86,46.14,48.685
5/18/2005,35.84,25.7,53.65,46.65,47.9
5/19/2005,37.55,25.92,54.83,93.085,48.3
5/20/2005,37.55,25.74,54.01,46.57,48.25
5/23/2005,39.76,25.85,54.75,46.55,48.705
5/24/2005,39.7,25.75,55.04,46.61,48.655
5/25/2005,39.78,25.71,55.68,46.54,48.34
5/26/2005,40.74,25.9,56.22,93.26,48.57
5/27/2005,40.56,26.07,56.8,46.65,48.885
5/31/2005,39.7593,25.8,56.2,46.32,48.58
6/1/2005,40.3,25.84,57.15,92.61,49.23
6/2/2005,40.04,25.79,57.32,92.47,50.38
6/3/2005,38.24,25.43,57.15,45.78,50.6
6/6/2005,37.92,25.37,57.6,45.9,50.99
6/7/2005,36.54,25.51,57.45,45.86,51.71
6/8/2005,36.92,25.4,56.73,45.91,51.18
6/9/2005,37.65,25.51,58.44,91.98,51.75
6/10/2005,35.81,25.43,58.38,46,50.79
6/13/2005,35.9,25.31,58.45,45.92,51.19
6/14/2005,36,25.36,58.55,45.97,51.66
6/15/2005,37.13,25.26,59.25,46.6,51.57
6/16/2005,37.98,25.04,60.12,93.03,51.54
6/17/2005,38.31,25.04,60.89,46.64,51.85
6/20/2005,37.61,25.11,60.85,46.71,51.59
6/21/2005,37.86,25.15,59.51,47.08,51.87
6/22/2005,38.55,25.07,59.67,47.07,51.37
6/23/2005,38.89,25.31,59.02,93.67,51.7
6/24/2005,37.76,25.04,58.15,46.75,51.3
6/27/2005,37.1,25.05,59.3,46.4,51.32
6/28/2005,37.31,25.07,59.09,46.67,52.69
6/29/2005,36.37,25.09,58.44,93.58,53.14
6/30/2005,36.81,24.84,57.47,92.52,52.14
7/1/2005,36.5,24.71,58.31,44.98,52.81
7/5/2005,37.98,24.98,60.14,45.11,53.23
7/6/2005,37.39,24.7,59.11,44.7,53.5
7/7/2005,75.26,49.3,119.04,134.06,106.98
7/8/2005,38.25,25.09,59.4,45.15,53.05
7/11/2005,38.1,25.29,59.97,45.17,52.43
7/12/2005,38.24,25.61,59.89,45.31,51.78
7/13/2005,38.35,25.66,59.76,45.75,51.4
7/14/2005,40.75,25.97,58.59,91.56,50.25
7/15/2005,41.55,25.79,58.16,45.98,50.82
7/18/2005,41.49,25.55,58.15,45.08,50.81
7/19/2005,43.19,26.16,58.78,44.82,50.58
7/20/2005,43.63,26.19,59,44.86,49.75
7/21/2005,43.29,26.44,57.89,89.45,49.16
7/22/2005,44,25.68,59.5,89.45,50.8
7/25/2005,43.81,25.69,59.94,44.66,50.8
7/26/2005,43.99,25.72,59.6,44.15,51.42
7/27/2005,43.99,25.72,59.6,44.15,51.42
7/28/2005,43.8,25.75,60,88.16,52.92
7/29/2005,42.65,25.61,58.75,43.6,52.3
8/1/2005,42.75,25.92,59.23,43.66,52.62
8/2/2005,43.19,26.81,59.81,43.94,53.03
8/3/2005,43.22,27.25,59,43.78,53.16
8/4/2005,42.71,27.32,58.52,87.49,52.96
8/5/2005,42.99,27.76,58.09,43.25,52.06
8/8/2005,42.65,27.13,58.85,42.94,51.18
8/9/2005,43.82,27.35,59.46,42.9,51.78
8/10/2005,43.38,26.95,59.9,42.75,51.61
8/11/2005,44,27.27,60.95,85.54,52.37
8/12/2005,46.1,27.05,61.05,42.69,52.09
8/15/2005,47.68,27.13,60.42,43.18,51.98
8/16/2005,46.25,26.74,59.07,43.72,51.1
8/17/2005,47.15,26.95,58.18,43.73,51.26
8/18/2005,46.3,26.82,58.11,87.53,51.3
8/19/2005,45.83,26.72,58.82,43.62,51.18
8/22/2005,45.87,26.91,59.07,43.74,51.36
8/23/2005,45.74,26.87,59,43.34,51.06
8/24/2005,45.77,26.81,58.88,42.91,50.63
8/25/2005,46.06,27.03,59.18,85.98,50.64
8/26/2005,45.74,26.97,58.41,42.84,50.45
8/29/2005,45.84,27.15,58.42,43.36,50.8
8/30/2005,46.57,27.18,58.61,43.1,50.48
8/31/2005,46.89,27.38,59.9,43.03,51.5
9/1/2005,46.26,27.2,61.68,86.13,52.05
12/30/2004,32.4,26.76,51.03,46.96,43.925
12/31/2004,32.2,26.72,51.26,93.95,44.015
1/3/2005,31.645,26.74,50.09,46.46,43.31
1/4/2005,31.97,26.84,49.75,45.82,42.865
1/5/2005,32.25,26.78,49.49,45.25,43.015
1/6/2005,32.275,26.75,50.12,90.42,43.965
1/7/2005,34.625,26.67,49.79,44.73,43.615
1/10/2005,34.48,26.8,49.98,45.29,43.8
1/11/2005,32.28,26.73,49.85,45.18,43.755
1/12/2005,32.73,26.78,50.59,45.06,44.045
1/13/2005,34.9,26.27,50.55,89.56,44.2
1/14/2005,35.1,26.12,51.07,44.89,44.78
1/18/2005,35.325,26.32,51.5,45.73,44.4
1/19/2005,34.94,25.98,51.05,44.97,44.14
1/20/2005,35.23,25.86,50.72,90.3,43.315
1/21/2005,35.245,25.65,50.44,45.09,44.425
1/24/2005,35.38,25.67,51.13,45.22,44.125
1/25/2005,36.025,26.02,51.33,45.59,43.875
1/26/2005,36.125,26.01,51.7,45.77,43.9
1/27/2005,36.32,26.11,51.75,91.3,44.23
1/28/2005,36.99,26.18,51.27,45.7,44.075
1/31/2005,38.45,26.28,51.6,46.37,44.45
2/1/2005,38.765,26.39,53.27,46.68,45.34
2/2/2005,39.815,26.46,53.93,46.73,45
2/3/2005,38.905,26.18,54.52,93.13,45.28
2/4/2005,39.42,26.32,55.29,46.89,45.885
2/7/2005,39.47,26.16,55.4,46.64,44.465
2/8/2005,40.45,26.24,55.78,46.89,44.435
2/9/2005,39.37,26.07,55.54,46.44,43.59
2/10/2005,39.18,26.06,56.34,93.37,44.015
2/11/2005,40.605,25.97,56.11,46.82,43.875
2/14/2005,42.315,26.01,56.83,46.93,44.475
2/15/2005,44.205,25.93,56.92,47.06,45.1
9/12/2005,51.4,26.61,62.52,42.7,54.27
9/13/2005,50.82,26.48,61.87,42.66,53.03
9/14/2005,49.61,26.31,62.47,42.64,52.94
9/15/2005,49.87,26.27,62.46,85.35,53.4
9/16/2005,51.21,26.07,63.7,43.68,54.05
9/19/2005,52.64,26,64.63,43.39,53.5
9/20/2005,53.19,25.84,64.53,43,52.62
9/21/2005,52.11,25.49,64.97,42.26,52.59
9/22/2005,51.9,25.34,64.98,84.45,53.63
9/23/2005,53.2,25.27,63.83,42.23,55
9/26/2005,53.84,25.27,64.6,42,55.4
9/27/2005,53.44,25.34,64.62,41.92,55.26
9/28/2005,51.08,25.67,64.7,41.6,55.34
9/29/2005,52.34,25.94,64.8,42.1,55.72
9/30/2005,53.61,25.73,63.54,84.2,56.2
10/3/2005,54.44,25.5,62.49,42.05,56.78
10/4/2005,53.75,24.98,60.55,41.91,57.06
10/5/2005,52.7801,24.67,58.95,41.96,56.45
10/6/2005,51.7,24.73,58.57,84.23,56.41
10/7/2005,51.3,24.59,59.6,42.27,56.37
10/10/2005,50.37,24.46,58.5,42.09,55.88
10/11/2005,51.59,24.41,59.4,41.88,55.18
10/12/2005,49.25,24.3,58.94,41.89,55.03
10/13/2005,53.74,24.59,58.16,83.9,54.2
10/14/2005,54,24.67,58.64,42.05,56.42
10/17/2005,53.44,24.53,58.86,42.05,56.44
10/18/2005,52.21,24.57,56.3,41.57,56.51
10/19/2005,54.94,25.09,57.17,42.44,58.2
10/20/2005,56.14,24.79,55.2,84.64,57.11
10/21/2005,55.66,24.78,55.37,42.26,57.14
10/24/2005,56.79,25.1,56.85,43.38,57.19
10/25/2005,56.1,25.03,57.2,43.18,55.94
10/26/2005,57.03,25.1101,56.2,43.2,53.98
10/27/2005,55.41,24.85,55.6,86.38,54.61
10/28/2005,54.47,25.53,56.31,43.98,56.73
10/31/2005,57.59,25.7,56.14,87.72,57.89
11/1/2005,57.5,25.96,56.4,43.62,59
11/2/2005,59.95,26.46,57.38,44.08,59.57
11/3/2005,61.8499,26.44,58.57,44.01,57.67
11/4/2005,61.15,26.64,57.9,44.23,58.02
11/7/2005,60.23,27.01,57.1,44.46,58.5
11/8/2005,59.9,27.0495,57.37,44.39,58.07
11/9/2005,60.11,26.96,57.5,88.93,57.36
11/10/2005,61.18,27.09,56.45,45.3,59.29
11/11/2005,61.54,27.28,56.52,45.46,59.65
11/14/2005,61.45,27.37,56.65,45.62,59.14
11/15/2005,62.28,27.5,56.43,45.25,59.75
11/16/2005,64.98,27.75,57.18,44.97,60.38
11/17/2005,64.52,27.97,57.38,90.31,60.98
11/18/2005,64.56,28.07,58.25,45.56,60.96
11/21/2005,64.96,28.16,59.37,45.84,60.8
11/22/2005,66.52,27.91,59.66,46.1,60.67
11/23/2005,67.11,27.92,59.87,46.71,60.53
11/24/2005,0,0,0,46.71,0
11/25/2005,69.34,27.76,60.11,46.99,60.16
11/28/2005,69.66,27.75,58.74,46.56,58.4
11/29/2005,68.1,27.68,58.34,46.78,60.07
11/30/2005,67.82,27.68,58.03,92.69,59.86
12/1/2005,71.6001,27.89,59.35,45.88,61.47
12/2/2005,72.63,28.01,59.07,46.13,61.97
12/5/2005,71.82,27.85,59.51,46.43,62.34
12/6/2005,68.1,27.68,58.34,46.78,60.07
12/7/2005,73.95,27.75,59.02,45.86,62.61
12/8/2005,74.08,27.69,59.42,91.64,62.96
12/9/2005,74.3305,27.71,58.5,45.9,63.67
12/12/2005,74.91,27.45,58.86,45.74,63.2
12/13/2005,74.98,27.1301,59.06,46.5,63.43
12/14/2005,72.01,27.09,59.86,46.78,63
12/15/2005,72.18,26.92,59.49,93.46,63.33
12/16/2005,71.11,26.9,58.06,46.97,63.14
12/19/2005,71.38,26.83,57.7,46.53,61.85
12/20/2005,72.11,26.86,57.93,46.69,63.06
12/21/2005,73.5,26.73,57.6,46.64,63.79
12/22/2005,74.02,26.59,57.1,93.56,63.75
12/23/2005,73.35,26.64,57.1,46.94,63.65
12/27/2005,74.23,26.46,55.87,46.56,63.6
12/28/2005,73.57,26.39,56.25,46.27,63.45
12/29/2005,71.45,26.27,56.24,46.19,62.9
12/30/2005,71.89,26.15,56.17,46.15,62.14
1/3/2006,74.75,26.84,58.47,47.08,61.73
1/4/2006,74.97,26.97,58.57,46.58,61.88
1/5/2006,74.38,26.99,58.28,93.22,61.69
1/6/2006,76.3,26.91,59.43,46.57,62.9
1/9/2006,76.05,26.86,59.4,46.6,61.4
1/10/2006,80.86,27,59.86,46.21,62.61
1/11/2006,83.9,27.29,60.27,46.1,61.85
1/12/2006,84.291,27.14,59.64,91.91,62.53
1/13/2006,85.5899,27.19,60.97,45.8,60.94
1/17/2006,84.7101,26.99,61.54,45.31,61
1/18/2006,82.4901,26.83,60.68,45.26,61.06
1/19/2006,79.035,27.02,61.5,45.14,61.47
1/20/2006,76.089,26.41,60.53,44.19,59.48
1/23/2006,77.67,26.35,61.2,43.96,57.99
1/24/2006,76.04,26.28,60.96,44.24,58.31
1/25/2006,74.2,26.4,60.21,44.63,57.98
1/26/2006,72.33,26.5,59.95,89.53,57.89
1/27/2006,72.03,27.79,61.29,44.8,58.54
1/30/2006,75,28,63.11,89.83,57.77
1/31/2006,75.51,28.15,62.75,89.58,59.42
2/1/2006,75.42,28.04,61.95,43.95,59.5
2/2/2006,72.1,27.68,61.95,43.44,59.36
2/3/2006,71.847,27.54,61.39,43.09,59.62
2/6/2006,67.3,27.17,61.97,43.37,58.54
2/7/2006,67.6,26.94,60.55,43.49,57.73
2/8/2006,68.81,26.91,60.39,43.67,57.59
2/9/2006,64.95,26.66,59.92,87.5,58.08
2/10/2006,67.31,26.69,59.43,43.92,58.6
2/13/2006,64.71,26.39,59.6,43.7,58.59
2/14/2006,67.645,26.65,59.55,44.16,59.45
2/15/2006,69.22,26.88,59.76,44.36,59
2/16/2006,70.57,26.81,60.25,89.05,58.5
2/17/2006,70.29,26.7,60.55,44.66,58
2/21/2006,69.08,26.54,60.76,44.55,58.17
2/22/2006,71.32,26.72,60.26,45.08,59.54
2/23/2006,71.75,26.66,59.83,90.45,59.45
2/24/2006,71.46,26.63,60.42,45.72,58.89
2/27/2006,70.99,27.05,59.92,45.98,58.94
2/28/2006,68.49,26.87,59.37,91.84,58.23
3/1/2006,69.1,27.14,60.34,45.6,58.43
3/2/2006,69.61,26.97,60.85,45.15,57.58
3/3/2006,67.72,26.93,60.98,45.19,56.6
3/6/2006,65.48,26.91,59.98,45.21,56.7
3/7/2006,66.31,27.06,59.85,45.62,56.42
3/8/2006,65.66,27.25,59.71,97.36,57.2
3/9/2006,63.93,27,58.92,91.25,56.34
3/10/2006,63.19,27.17,59.18,45.95,56.17
3/13/2006,65.68,27.11,59.64,45.94,55.73
3/14/2006,67.32,27.23,60.81,46.26,56.89
3/15/2006,66.23,27.36,61.02,46.4,57.34
3/16/2006,64.31,27.27,61.64,93.16,56.57
3/17/2006,64.66,27.5,61.05,46.9,56.69
3/20/2006,63.99,27.89,60.66,46.9,56.53
3/21/2006,61.81,27.74,60.72,46.57,56.21
3/22/2006,61.67,27.15,61.05,46.99,56.64
3/23/2006,60.16,26.85,61.25,93.69,56.37
3/24/2006,59.96,27.01,61.17,46.9,55.78
3/27/2006,59.51,27.01,61.29,46.82,54.93
3/28/2006,58.71,26.9,60.95,46.06,54.32
3/29/2006,62.33,27.02,61.28,45.97,55.98
3/30/2006,62.75,27.23,61.12,45.61,56.26
3/31/2006,62.72,27.21,60.86,91.15,55.86
4/3/2006,62.65,27.56,61.03,45.68,55.47
4/4/2006,61.17,27.64,61.75,46.29,55.3
4/5/2006,67.21,27.74,62.16,95.85,55.3
9/2/2005,46.22,27.02,60.68,42.91,52.53
9/6/2005,48.8,27,61.06,43.35,53.19
9/7/2005,48.68,26.85,61.46,43.31,53.45
9/8/2005,49.78,26.61,61.3,86.32,53.83
9/9/2005,51.31,26.58,63.2,42.95,54.51
4/6/2006,71.24,27.56,62.09,92.75,54.51
4/7/2006,69.79,27.25,61.33,45.74,53.69
4/10/2006,68.67,27.29,61.94,45.68,52.43
4/11/2006,67.99,27.13,62,45.56,51.55
4/12/2006,66.71,27.2,61.46,45.72,53.46
4/13/2006,66.469,27.07,61.56,91.47,53.5
4/17/2006,64.811,26.84,62.05,45.48,51.67
4/18/2006,66.22,27.22,63.54,45.96,49.67
4/19/2006,65.65,27.03,64.3,46.05,49.18
4/20/2006,67.63,27.03,63.92,92.33,50.12
4/21/2006,67.04,27.15,65,46.87,49.57
4/24/2006,65.75,27.11,64.41,47.07,50.16
4/25/2006,66.17,27.11,63.95,47.09,49.36
4/26/2006,68.15,27.1,63.1,47.71,48.97
5/24/2006,63.34,23.5,60.1,48.48,42.09
5/25/2006,64.33,23.74,61.52,97.39,42.42
5/26/2006,63.549,23.72,61.58,49.38,43.12
5/30/2006,61.22,23.15,60.2,48.7,43.33
5/31/2006,59.77,22.65,60.91,97.11,43.96
6/1/2006,62.17,22.82,61.11,48.7,45.72
6/2/2006,61.66,22.76,61.65,49.26,46.98
6/5/2006,61.66,22.76,61.65,49.26,46.98
6/6/2006,59.723,22.13,60.4,97.24,46.18
6/7/2006,58.565,22.04,58.82,48.85,46.28
6/8/2006,60.76,22.11,59.57,97.88,46.25
6/9/2006,59.24,21.92,58.8,48.79,45.77
6/12/2006,57,21.71,58.24,48.41,45.16
6/13/2006,58.33,21.51,56.84,47.07,45.43
6/14/2006,57.61,21.88,57.8,46.64,44.98
6/15/2006,59.38,22.07,59.12,94.55,44.75
6/16/2006,57.56,22.1,58.8,47.42,44.29
6/19/2006,57.2,22.55,57.39,47.14,43.5
6/20/2006,57.47,22.56,57.39,47.08,43.71
6/21/2006,57.86,23.08,58.06,47.31,44.07
6/22/2006,59.58,22.88,57.97,94.85,44.43
6/23/2006,117.66,45,116.2,94.82,90.46
6/26/2006,117.98,45.64,117.64,94.92,89.88
6/27/2006,114.86,45.72,119.3,94.6,88.44
6/28/2006,112.04,46.32,122.24,95.3,88.86
6/29/2006,118.05,47.0102,124.74,97.2,90.02
6/30/2006,114.39,46.6,122.7,144.8,89.56
7/3/2006,115.9,47.4,124.3,97.62,90.02
7/5/2006,114.0115,46.65,125.1,97.74,90.22
7/6/2006,111.54,47,126.94,97.93,89.66
7/7/2006,110.8,23.3,125.66,48.8,90.78
7/10/2006,110,23.5,126.08,49.14,93.64
7/11/2006,111.3,23.1,127.96,49.15,96.18
7/12/2006,105.92,45.69,127.94,48.57,96.12
7/13/2006,104.5,44.68,128.14,144.53,96.02
7/14/2006,101.22,44.58,129.8,96.62,95.1
7/17/2006,104.74,44.96,128,96.44,95.3
7/18/2006,105.9,45.48,129.22,96.88,96.8
7/19/2006,108.25,46.85,129.32,99.9,101.86
7/20/2006,121.01,45.7,128.5,149.27,100.42
7/21/2006,121.44,47.74,127.86,100.28,100
7/24/2006,122.91,48,130.72,151.11,101.6
7/25/2006,123.878,48.44,131.48,101.62,102.98
7/26/2006,127.74,48.74,133.15,101.98,101.06
7/27/2006,126.8,47.74,132.94,102.04,98.92
7/28/2006,131.18,48.5,134,103.32,95.7
7/31/2006,135.92,48.09,135.48,206.37,95.66
8/1/2006,134.42,47.98,136.36,103.06,95.64
8/2/2006,136.25,48.61,136.96,103.92,97.14
8/3/2006,139.25,48.45,136.74,155.9,95.54
8/4/2006,136.68,48.58,137.38,104.64,97.12
8/7/2006,134.42,48.44,138.46,104.32,96.98
8/8/2006,129.53,48.68,138.54,104.12,98.84
8/9/2006,127.18,48.88,138.58,103.08,97.96
8/10/2006,128.14,48.92,138.71,154.58,94.8
8/11/2006,127.3,48.86,139.46,102.8,95.14
8/14/2006,127.88,49.06,138.5,102.26,95.32
8/15/2006,132.95,49.24,137.38,104.3,96.26
8/16/2006,136.02,49.43,135.14,104.6,96.28
8/17/2006,135.18,49.4,136.16,156.58,98.08
8/18/2006,135.82,51.58,138.2,104.98,99
8/21/2006,133.12,52.22,139.66,104.92,99.12
8/22/2006,135.24,51.24,140.42,105,99.28
8/23/2006,134.61,51.36,139.26,104.98,99.28
8/24/2006,135.62,51.48,141.44,157.51,102.32
8/25/2006,137.52,51.7,140.86,104.26,101.76
8/28/2006,133.96,51.9,140.2,104.37,102.66
8/29/2006,132.92,51.64,138.82,104.58,102.06
8/30/2006,133.86,51.6,136.6,103.4,103.5
8/31/2006,135.7,51.39,135.34,154.64,103.9
9/1/2006,136.77,51.67,136.2,103.32,103.6
9/5/2006,142.92,51.22,136.96,103.5,101.4
9/6/2006,140.05,51.22,134.36,103.3,50.42
9/7/2006,145.58,50.86,135.38,154.67,100.42
9/8/2006,145.04,51.23,133.62,103.32,101.8
9/11/2006,145,51.85,129.88,102.36,103.2
9/12/2006,145.26,51.88,129.4,103.4,105.06
9/13/2006,148.31,51.96,130.72,103.8,104.1
9/14/2006,148.42,52.68,129.42,155.76,103.62
9/15/2006,148.2,53.69,129.37,102.9,104.42
9/18/2006,147.78,53.58,132.6,103.56,104.18
9/19/2006,147.54,53.7,131,104.06,103.74
9/20/2006,150.63,54.36,128.22,104.98,103.06
9/21/2006,149.3,53.78,129.56,156.975,100.58
9/22/2006,146.01,53.32,129.82,104.86,97.94
9/25/2006,151.54,53.91,130.12,105.94,97.64
9/26/2006,155.35,54.45,132.86,106.96,97.24
9/27/2006,152.82,54.89,134.26,106.48,98.16
9/28/2006,154.08,54.8,134.52,107.04,98.92
9/29/2006,154.01,54.68,134.2,160.66,98.4
10/2/2006,149.72,54.7,134,107.24,98.86
10/3/2006,148.16,54.73,130.82,108.82,99.16
10/4/2006,150.76,55.9,133.22,109.67,99.12
4/27/2006,69.36,27.25,62.42,49.04,47.75
4/28/2006,70.39,24.15,63.08,98.96,49.74
5/1/2006,69.6,24.29,63.42,49.18,49.8
5/2/2006,71.62,24.01,64.67,49.46,48.58
5/3/2006,71.14,23.17,63.77,49.3,46.61
5/4/2006,71.13,23.44,63.31,99.24,46.53
5/5/2006,71.89,23.8,64,50.47,46.39
5/8/2006,71.89,23.73,63.71,50.11,45.08
5/9/2006,71.03,23.62,63.94,50.19,43.8
5/10/2006,70.6,23.77,63.88,50.17,46.17
5/11/2006,68.15,23.22,63.46,99.85,44.37
5/12/2006,67.7,23.17,62.24,49.2,45.84
5/15/2006,67.79,23.15,62,49.55,46.7
5/16/2006,64.98,23.01,61.96,49.64,47.01
5/17/2006,65.26,22.73,60.18,48.56,46.89
5/18/2006,63.18,22.83,59.89,96.6799,45.3
5/19/2006,64.51,22.56,60.45,48.27,44.42
5/22/2006,63.38,22.88,60.78,48.26,43.52
5/23/2006,63.15,22.79,60.39,48.23,42.82
10/9/2006,149.21,55.42,133.1,109.02,101.44
10/10/2006,147.62,55.36,134.4,109.26,99.3
10/11/2006,146.41,55.08,133.06,108.08,100.2
10/12/2006,150.39,56.51,135.3,162.56,99.24
10/13/2006,150.12,56.74,136.8,108.78,97.5
10/16/2006,150.8,56.91,139.66,107.42,95.08
10/17/2006,148.56,56.93,138.82,107.36,93.46
10/18/2006,149.13,57.04,138.34,107.62,95.92
10/19/2006,158.07,56.61,139.46,160.33,101.3
10/20/2006,159.92,56.86,139.1,107.24,101.4
10/23/2006,162.92,56.93,139.84,107.32,101.28
10/24/2006,162.1,56.47,139.78,106.86,99.68
10/25/2006,163.36,56.62,142.02,108,97.26
10/26/2006,164.14,56.7,143.24,162.36,98.74
10/27/2006,160.83,56.69,142.92,107.4,98.82
10/30/2006,160.84,57.06,141.68,107.84,98.06
10/31/2006,162.16,57.42,142.84,161.66,97.56
11/1/2006,158.32,57.62,142.12,107.16,96.6
11/2/2006,157.96,57.54,142.38,107.1,97.24
11/3/2006,156.58,57.46,144.3,106.86,95.66
11/6/2006,159.41,57.68,145.82,108.42,96.82
11/7/2006,161.02,57.91,145.06,108.84,99.14
11/8/2006,164.84,57.96,148.26,109.22,96
11/9/2006,166.6,58.5,149.22,163.63,90.54
11/10/2006,166.24,58.48,148.84,109.54,92.22
11/13/2006,168.7,58.7,148.86,108.92,93.5
11/14/2006,170,58.4585,148.9,109.66,94.88
11/15/2006,168.05,58.24,149.6,108.96,95.92
11/16/2006,171.22,58.94,145.34,164.28,95.24
11/17/2006,171.7,58.8,146.16,109.7,94.5
11/20/2006,172.94,59.78,144.86,109.8,93.62
11/21/2006,177.2,59.85,146.78,109.44,92.66
11/22/2006,180.62,59.84,145.82,109.26,93.12
11/23/2006,0,0,0,109.26,0
11/24/2006,183.26,59.52,144.76,109.12,93.42
11/27/2006,179.04,58.97,144.94,107.85,92.36
11/28/2006,183.55,58.78,148.32,108.54,94.68
11/29/2006,183.61,58.96,150.19,108.29,94.9
11/30/2006,183.34,58.69,153.62,215.74,98.16
12/1/2006,182.95,58.88,149.58,108.06,95.54
12/4/2006,182.24,58.66,155.54,105.3,97.82
12/5/2006,182.54,58.26,156.12,105.58,97.76
12/6/2006,179.66,57.98,152.62,105.38,98.02
12/7/2006,174.08,57.7,151.42,157.67,98.98
12/8/2006,176.52,58.8,151,103.32,99.82
12/11/2006,177.5,59.08,150.72,105.1,100.18
12/12/2006,172.28,58.86,152.5,105.6,100.08
12/13/2006,178.1,59.1,154.72,106.18,99.42
12/14/2006,177.1,60.14,157.46,159.43,99.4
12/15/2006,175.44,60.38,154.6,106.64,100.18
12/18/2006,170.94,59.78,151.02,107.26,100.8
12/19/2006,172.62,59.98,153.98,107.16,104.66
12/20/2006,169.52,60.18,152.16,107.32,107.12
12/21/2006,165.8,59.96,151.74,160.68,107.86
12/22/2006,164.4,59.28,150.82,106.7,106.9
12/26/2006,163.02,59.98,152.1,107.4,106.46
12/27/2006,163.04,60.04,153.92,107.54,106.76
12/28/2006,161.74,59.96,154.66,107.3,107.32
12/29/2006,169.68,59.72,153.26,160.43,107.46
1/3/2007,167.56,59.72,148.22,106.66,105.14
1/4/2007,171.32,59.62,145.44,214,105.82
1/5/2007,170.1,59.28,146.48,106.48,105.1
1/8/2007,170.94,59.86,145.3,106.9,106.64
1/9/2007,185.14,59.92,144.18,107,105.36
1/10/2007,194.13,59.33,141.98,107.16,105.66
1/11/2007,191.65,61.39,141.96,160.1,108.9
1/12/2007,189.31,62.42,145.32,106.76,110.2
1/16/2007,194.2,62.32,143.26,106.88,111.5
1/17/2007,190.03,62.2,144.92,106.64,111.3
1/18/2007,178.15,62,143.92,159.9,107.6
1/19/2007,177,62.22,147.06,107.18,106.4
1/22/2007,173.58,61.44,145.8,107.3,104.38
1/23/2007,171.4,61.48,148.98,106.64,102.94
1/24/2007,173.4,62.18,149.8,106.4,103.6
1/25/2007,172.5,60.9,147.04,158,104.2
1/26/2007,170.76,61.2,147.22,104.08,103.08
1/29/2007,85.94,30.53,73.2,51.46,51.73
1/30/2007,171.1,60.96,148.78,104.24,104.42
1/31/2007,171.46,61.72,148.2,157.28,104.52
2/1/2007,169.48,61.12,150.16,105.68,105.6
2/2/2007,169.53,60.38,151.08,105.48,105.82
2/5/2007,167.88,59.2,151.34,105.76,104.66
2/6/2007,168.25,59.02,150.92,106.42,101.98
2/7/2007,172.3,58.75,149.58,106.72,102.5
10/5/2006,149.59,55.86,134.64,163.86,101.34
10/6/2006,148.44,55.75,135.04,108.48,103
2/8/2007,172.36,58.51,150.92,160,102.48
2/9/2007,166.54,57.91,150.44,105.98,101.76
2/12/2007,169.8,57.87,149.2,106.08,103.24
2/13/2007,169.33,58.04,150.9,107.46,103.22
2/14/2007,170.6,58.84,151.2,108.1,103.28
2/15/2007,170.42,58.99,150.68,215.8,107.22
2/22/2007,179.02,58.78,150.16,161.31,107.44
2/23/2007,178.14,57.8,150.44,105.72,106.06
2/26/2007,177.16,58.14,150.8,105.57,106.42
2/27/2007,167.86,55.74,143.66,101.53,103.42
2/28/2007,169.22,56.34,143.33,152.49,104.38
3/1/2007,174.12,56.18,141.98,100.76,105.48
3/2/2007,170.82,55.52,140.02,100,108.36
3/5/2007,172.5899,55.0899,139.96,201.3,105.92
3/6/2007,176.38,55.66,142,101.88,107.96
3/7/2007,175.44,55.22,143.28,101.18,107.6
3/8/2007,176,54.67,143.7,202.72,106.66
3/9/2007,175.94,54.56,142.24,101.9,106
3/12/2007,179.74,54.88,141.74,102.18,106.54
3/13/2007,176.8,53.44,139.82,98.92,106
3/14/2007,180,54.8,142.04,99.54,106.74
3/15/2007,179.14,54.56,141.38,149.97,108.1
3/16/2007,179.18,54.66,139.72,99.24,106.26
3/19/2007,182.27,55.66,142.2,100.74,108.6
3/20/2007,182.96,55.68,144,101.52,108.2
3/21/2007,187.74,57.04,146.46,103.72,110.06
3/22/2007,187.92,56.54,148.72,207,111.38
3/23/2007,187.04,56.04,150,103.38,113.02
3/26/2007,191.75,56.44,150.94,103.12,113.76
3/27/2007,190.93,55.44,151.42,103.68,111.7
3/28/2007,186.46,55.28,151.11,101.54,109.62
3/29/2007,187.5,55.5,152.48,102.37,105.68
3/30/2007,185.82,55.74,150.9,153.23,105.9
4/2/2007,187.3,55.48,152.32,100.86,107.46
4/3/2007,189,55.74,153.6,101.72,109.22
4/4/2007,188.54,57,154.22,101.78,110.12
4/5/2007,189.36,57.1,154.44,152.59,110.66
4/9/2007,187.3,57.14,153.6,101.72,109.76
4/10/2007,188.5,56.8,155.14,102.14,108.48
4/11/2007,185.18,56.22,153.54,101.02,106.28
4/12/2007,184.38,57.08,154.78,151.07,106.24
4/13/2007,180.48,57.22,154.82,100.84,105.9
4/16/2007,182.86,57.46,156.34,102.46,107.7
4/17/2007,180.7,57.7,156.8,102.6,109.24
4/18/2007,180.8,57.2,156.4,103.64,108.42
4/19/2007,180.54,57.38,154.92,153.64,104.1
4/20/2007,181.94,58.04,159.52,102.08,106.4
4/23/2007,187.02,57.56,158.4,101.02,107.9
4/24/2007,186.48,57.58,157.2,101.24,108.46
4/25/2007,190.688,57.98,159.84,102.46,105.88
4/26/2007,197.68,58.2,161.1,101.44,105.42
4/27/2007,199.84,60.24,160.72,101.54,106.3
4/30/2007,199.6,59.88,158.76,152.57,106.12
5/1/2007,198.94,60.8,159.32,101.86,105.5
5/2/2007,200.78,61.19,159.64,102.02,107.58
5/3/2007,200.8,61.94,161.36,153.47,106.38
5/4/2007,201.62,61.12,161.1,102.48,107.14
5/7/2007,207.84,61.42,161.66,102.84,106.5
5/8/2007,210.12,61.5,162.76,102.8,106.22
5/9/2007,213.76,61.5699,162.84,102.9,106.18
5/10/2007,214.68,61.16,158.78,152.61,106.04
5/11/2007,217.48,61.78,162.41,101.9,107.18
5/14/2007,218.72,61.94,162.5,101.56,105.66
5/15/2007,215.04,61.8,162.26,101.88,105.36
5/16/2007,214.68,62.14,162.9,102.24,107.6
5/17/2007,218.88,61.96,163.6,153.38,107.3
5/18/2007,220.04,61.66,166.52,102.56,106.94
5/21/2007,223.98,62.1,167.18,102.46,107.16
5/22/2007,227.08,61.38,165.54,103,107.78
5/23/2007,225.78,61.16,165.98,102.7,107.86
5/24/2007,221.38,60.34,164.56,153.45,108.42
5/25/2007,227.24,60.96,167.02,102.4,108.82
5/29/2007,228.7,61.58,165.24,102.38,109.14
5/30/2007,237.54,62.22,168,101.62,109.14
5/31/2007,242.751,61.3601,166.34,152.23,109.54
6/1/2007,236.8,61.18,168.44,101.56,110.42
6/4/2007,242.66,61.415,168.44,101.7,110.4
6/5/2007,245.34,61.16,168.52,101.32,109.4
6/6/2007,247.28,60.58,167.24,100.66,107.94
6/7/2007,248.089,59.22,163.92,149.91,106.72
6/8/2007,248.98,60.1,165.36,100.52,107.34
6/11/2007,240.38,60.04,166.12,100.1,106.38
6/12/2007,426.26,93.85,253.92,144.55,160.66
6/13/2007,235.01,60.78,166.7,100.72,106.22
6/14/2007,237.5,61.04,169.54,150.52,105.9
6/15/2007,240.99,60.98,171.88,100.16,105.8
6/18/2007,250.18,61.02,172.72,99.82,105.74
6/19/2007,247.32,60.92,171.68,101.1,105.48
6/20/2007,243.1,60.02,165.64,99.96,103
6/21/2007,247.8,60.44,168.6,149.76,103.54
6/22/2007,246,58.98,165.04,97.9,102.66
2/16/2007,169.66,57.48,150.58,108.1,107.9
2/20/2007,171.8,57.66,149.74,108.1,107.64
2/21/2007,178.4,58.7,149.56,107.82,107.06
6/29/2007,242.6,59.3,167.48,147.07,103.24
7/2/2007,242.52,59.48,169.64,98.64,104.44
7/3/2007,254.34,60.04,170.72,99.1,104.28
7/5/2007,265.5,59.98,170.32,148.29,104.9
7/6/2007,264.6,59.94,172.92,98.3,106.01
7/9/2007,260.7401,59.74,174.88,97.62,103.92
7/10/2007,264.7,58.66,173,96.72,103.1
7/11/2007,264.78,58.98,174.58,97.02,102.82
7/12/2007,268.1699,60.18,179.24,196.08,106.18
7/13/2007,275.46,59.64,180.66,99,105.96
7/16/2007,276.2,60.06,179.4,99.24,105.9
7/17/2007,277.8199,61.5299,178.18,99.6,106
7/18/2007,276.24,61.84,182.3,98.72,107.16
7/19/2007,280,63.02,184.58,147.9,103.78
7/20/2007,287.5,62.32,183.88,96.62,102.64
7/23/2007,287.4,62.38,186.88,96.3,102.34
7/24/2007,269.7999,61.58,181.68,94.3,102
7/25/2007,274.52,61.42,185.58,95.86,102.42
7/26/2007,292,59.96,176.46,190.32,100.45
7/27/2007,287.65,58.7901,171.18,94.82,98.26
7/30/2007,282.86,58.8,172.02,95.4,97.88
7/31/2007,263.52,57.98,170.26,142.54,96.86
8/1/2007,270,58.6,171.86,95.26,95.98
8/2/2007,272.98,59.04,170.36,95.56,96.72
8/3/2007,263.5799,57.8601,164.14,94.007,95
8/6/2007,270.5,59.08,167.08,96.32,97
8/7/2007,270.2501,59.1,171.4,97.34,95.98
8/8/2007,268.02,60,175.8,99.4,95.14
8/9/2007,252.78,57.84,167.2,194.71,92.66
8/10/2007,250,57.42,169.02,97.18,94.96
8/13/2007,255.58,57.26,165.84,97,98.08
8/14/2007,248.06,56.54,166.26,95.72,96.96
8/15/2007,239.8,56.2,163.38,96.46,98.24
8/16/2007,234.1,55.62,161.34,147.935,97.72
8/17/2007,244.12,56.5,168.28,103.52,99.6
8/20/2007,244.44,56.52,169.06,102.7,99.1
8/21/2007,255.14,56.14,166.3,102.6,99.12
8/22/2007,265.02,56.44,167.16,103.3,97.3
8/23/2007,262.14,56.6,167.5,206.96,97.24
8/24/2007,270.6,57.62,171.38,103.74,99.22
8/27/2007,264.5,56.98,170.24,101.74,98.38
8/28/2007,253.64,55.86,166,99.32,97.26
8/29/2007,268.16,57.18,170.46,101.1,97.38
8/30/2007,272.5,56.9,170.8,100.42,98.1
8/31/2007,276.96,57.46,171.46,151.57,100.02
9/3/2007,138.48,28.73,85.73,50.68,50.01
9/4/2007,288.32,57.62,174.46,102.16,100.38
9/5/2007,273.52,56.96,174.44,99.9,98.58
9/6/2007,270.02,57.82,174.98,149.51,99.2
9/7/2007,263.54,56.88,171.5,98.04,98.38
9/10/2007,273.42,56.96,169.72,97.92,98.24
9/11/2007,270.98,57.86,173.88,98.9,99.14
9/12/2007,273.7,57.86,175.3,98.78,98.94
9/13/2007,274.4,58.32,177.24,149.11,99.1
9/14/2007,277.62,58.08,177.34,99.9,99.82
9/17/2007,276.82,57.455,178.52,99.02,99.9
9/18/2007,281.84,57.86,183.52,102.44,100.2
9/19/2007,281.5599,57.34,184.24,102.14,99.68
9/20/2007,280.62,56.8601,184.18,152.65,99.62
9/21/2007,288.35,57.2899,184.62,102.48,99.82
9/24/2007,296.56,58.16,183.46,101.18,99.12
9/25/2007,306.4,59.0599,183.92,100.44,98.96
9/26/2007,305.54,59,184.74,100.82,98.62
9/27/2007,309,58.98,185.94,101.2,98.52
9/28/2007,461.51,88.41,278.09,151.14,146.12
10/1/2007,312.799,59.5201,187.9,101.28,96.28
10/2/2007,316.9,59.4,184.48,103.44,95.78
10/3/2007,315.8901,58.9225,182.66,103.86,94.1
10/4/2007,470.51,88.8625,273.17,208.66,141.81
10/5/2007,323.0299,59.71,182.72,105.42,95.4
10/8/2007,335.82,59.68,181.36,104.86,95.62
10/9/2007,335.78,60.1799,185.34,105.14,96.98
10/10/2007,333.58,60.46,186.26,104.6,98.66
10/11/2007,491.25,90.05,278.45,157.14,148.01
10/12/2007,334.5337,60.34,186.96,104.14,99.38
10/15/2007,333.96,60.11,189.64,102.84,97.86
10/16/2007,339.16,60.63,189.48,100.4,97
10/17/2007,345.5,62.14,189.6,100.06,97.2
10/18/2007,519.75,93.36,284.9,147.73,144.8
10/19/2007,340.74,60.34,184.28,95.14,94.9
6/25/2007,244.68,58.98,164.74,97.7,103
6/26/2007,239.36,59.05,163.64,97.6,103.58
2/28/2008,129.91,27.93,178.76,41.42,96.02
6/27/2007,243.78,59.74,166.96,98.38,103.5
6/28/2007,241.12,59.66,167.2,98.18,104.2
11/1/2007,374.88,74.12,177,91.42,97.05
11/2/2007,375.74,74.12,175.86,90.22,97.88
11/5/2007,372.36,73.46,175.32,88.9,98.24
11/6/2007,383.58,72.82,180.76,91.12,99.18
11/7/2007,372.8099,71.02,174.4,86.62,99.7
11/8/2007,537.4262,105,266.04,130.31,150.43
11/9/2007,330.74,67.46,173.7,87.96,103.34
11/12/2007,307.52,66.76,169.08,87.96,105.28
11/13/2007,339.92,68.92,173.76,92.54,106.6
11/14/2007,332.22,67.86,172.59,91.41,106.4
11/15/2007,494.71,101.4,255.29,133.89,159.08
11/16/2007,332.78,68.18,170.2,88.74,106.84
11/19/2007,327.9,67.92,168.22,85.64,106.98
11/20/2007,337.7,69.21,175.64,85.54,108.14
11/21/2007,336.92,68.46,174.08,84.28,106.82
11/22/2007,336.92,68.46,174.08,84.28,106.82
11/23/2007,343.08,68.22,176.58,86.3,108.14
11/26/2007,345.0719,65.94,171.36,83.76,106.76
11/27/2007,349.62,66.12,172.76,85.88,108.58
11/28/2007,360.44,67.4,175.84,89.7,109.44
11/29/2007,368.58,67.18,177.18,89.26,109.52
11/30/2007,548.73,100.79,266.91,136.89,164.76
12/3/2007,357.72,65.85,177.7,90.94,109.26
12/4/2007,359.62,65.54,176.24,89.42,108.66
12/5/2007,371,68.3,179.84,90.46,109.36
12/6/2007,565.4528,103.25,272.8,137.15,166.64
12/7/2007,388.6,69.06,183,90.74,113.3
12/10/2007,388.36,69.52,184.06,93.28,115.74
12/11/2007,376.7504,68.2,180.56,89.3,114.14
12/12/2007,381.72,68.94,183.84,86.86,114.94
12/13/2007,574.52,104.91,277.36,129.53,171.53
12/14/2007,380.78,70.62,182.36,84.32,113.46
12/17/2007,368.8,68.78,179.78,83.4,113.18
12/18/2007,365.96,69.48,182.84,83,114.4
12/19/2007,366.24,69.58,182.86,83.18,114.72
12/20/2007,370.33,70.31,183.56,83,115.47
12/21/2007,387.82,72.12,186.86,83.84,117.98
12/24/2007,397.6,73.16,187.32,84.56,117.76
12/26/2007,397.9,73.22,189.62,84.6,117.9
12/27/2007,397.14,71.94,187.34,82.92,116.72
12/28/2007,399.66,72.24,190,82.2,116.56
12/31/2007,595.97,107.32,282.38,123.6,174.68
1/2/2008,389.68,70.44,187.02,81.12,113.34
1/3/2008,584.74,105.96,281.17,121.16,170.53
1/4/2008,359.95,68.72,184.16,79.7,112
1/7/2008,355.28,69.22,182.44,79.8,113.76
1/8/2008,342.32,66.9,180.23,76.82,112.34
1/9/2008,358.8,68.88,183.12,77.48,112.38
1/10/2008,535.44,103.1,274.88,117.34,168.37
1/11/2008,345.27,67.83,180.6,77,111.82
1/14/2008,357.56,68.78,181.66,78.44,110.84
1/15/2008,338.08,68,178.04,75.76,109.9
1/16/2008,319.43,66.47,173.06,77.38,110.56
1/17/2008,480.21,99.35,254.35,112.51,164.01
1/18/2008,322.72,66.02,170.16,71.94,108.8
1/21/2008,161.36,33.01,85.08,35.97,54.4
1/22/2008,311.28,63.92,164.9,74.78,102.44
1/23/2008,278.022,63.96,166.81,81.24,100.63
1/24/2008,410.175,98.43,255.45,120.295,149.99
1/25/2008,260.02,65.88,167.88,78.96,100
1/28/2008,260.02,65.44,170.26,82.4,104
1/29/2008,263.08,65.2,170.16,83.88,101.56
1/30/2008,264.36,64.4,170.56,84.42,100.38
1/31/2008,402.9,97.4,257.38,130.71,151.84
2/1/2008,267.5,60.9398,171.9,90.06,100.2
2/4/2008,263.3,60.38,170.88,88.06,99.8
2/5/2008,258.72,58.1,164.22,84.74,98.8
2/6/2008,244,57.04,162.88,84.66,98.76
10/22/2007,348.72,61.02,181.82,95.56,96.26
10/23/2007,372.32,61.8,182.7,95.56,97.68
10/24/2007,371.86,62.5,184.26,94.96,96.94
10/25/2007,551.49,95.23,275.27,141.48,145.53
10/26/2007,184.7,35.03,92.21,48.03,47.99
10/29/2007,370.18,69.14,187.22,95.96,95.9
10/30/2007,374,71.14,182.28,95.98,95.8
10/31/2007,566.9,109.19,275.12,144.57,146.2
3/5/2008,124.5,28.14,87.19,37.55,47.22
3/6/2008,242.38,55.14,169.02,73.04,91.62
3/7/2008,243.18,55.44,249.49,73.26,136.23
3/10/2008,239.38,56.1,164.92,70.62,90.14
3/11/2008,254.7401,58.58,173.36,75.44,76.48
3/12/2008,252.06,57.26,171.94,74.06,73.36
3/13/2008,253.97,57.25,173.02,74.17,74.96
3/14/2008,126.61,27.93,85.91,35.69,37.19
3/17/2008,253.46,56.6,171.58,71.92,67.68
3/18/2008,133,29.48,88.47,38.93,35.06
3/19/2008,259.34,57.24,168.86,77.12,71.1
3/20/2008,262.96,57.84,169.43,80.42,70.87
3/24/2008,279.18,58.38,171.75,84.9,71.42
3/25/2008,281.96,58.28,170.4,81.94,70.56
3/26/2008,290.12,57.13,172.52,79.68,68.2
3/27/2008,280.5,56.1,172.4,77.28,68
3/28/2008,143.01,27.91,85.22,38.07,34.4
3/31/2008,432.21,84.94,254.84,115.51,103.682
4/1/2008,299.1401,59.0199,174.04,81.72,72.5
4/2/2008,294.98,58.32,177.04,80.6,71.92
4/3/2008,303.22,58,176.46,80.74,72.3
4/4/2008,153.08,29.16,88.74,39.41,36.5
4/7/2008,311.78,58.32,177.84,79,73.34
4/8/2008,305.68,57.5,179.22,76.76,76.16
4/9/2008,302.88,57.78,179.4,75.86,74.56
4/10/2008,460.54,87.11,268.8,113.31,110.48
4/11/2008,294.28,56.56,177.24,73.88,71.74
4/14/2008,295.56,56.12,179.4,71.16,72.58
4/15/2008,296.76,56.5,181.6,71.16,74.48
4/16/2008,307.62,57.94,185.78,73.96,71.6
4/17/2008,308.115,58.17,186.27,74.94,72.5
4/18/2008,322.22,60.01,188,77.12,74.5
4/21/2008,336.32,60.84,188.52,75.22,75.62
4/22/2008,320.4,60.5,188.78,74,68.3
4/23/2008,325.78,62.9,188.44,73.72,69.46
4/24/2008,500.77,94.9,279.42,112.6,101.91
4/25/2008,339.46,59.66,184.92,76.6,67.98
4/29/2008,350.1,57.28,183.58,75.72,66.8
4/30/2008,522.95,85.68,277.93,112.94,98.66
5/1/2008,360,58.8,179.4,78.78,65.8
5/2/2008,361.88,58.48,179.22,79.58,66.94
5/5/2008,369.45,58.16,179.02,77.94,66.14
5/7/2008,365.18,58.41,177.64,76,65.32
2/7/2008,364.48,84.76,245.22,129.07,147.44
2/8/2008,251.18,57.12,163.42,84.32,96.4
2/11/2008,258.9,56.42,166.44,84.28,96.44
2/12/2008,249.72,56.68,168.76,85.64,96.54
2/13/2008,258.8,57.95,170.98,86.66,93.94
2/14/2008,384.32,85.96,256.59,127.81,140.19
2/15/2008,249.26,56.84,170.74,85.4,95.48
2/18/2008,124.63,28.42,85.37,42.7,47.74
2/19/2008,244.6,56.35,174.02,85.34,96.21
2/20/2008,247.64,56.44,176.2,85.94,96.2
2/21/2008,366.855,84.42,261.94,127.42,143.7
2/22/2008,119.46,27.68,87.17,42.6,47.36
2/25/2008,119.74,27.84,89.13,42.94,47.98
2/26/2008,119.15,56.76,179.78,42.72,97.86
2/27/2008,122.96,28.28,178.78,42.88,98.34
2/29/2008,379.95,82.3499,263.4,120.9,140.97
3/3/2008,121.73,26.99,175.5,39.18,92.7
3/4/2008,249.24,55.18,173.38,77.56,93.52
6/26/2008,336.45,55.5,172.82,49.62,51.94
6/27/2008,340.18,55.26,173.1,49.18,52.02
6/30/2008,504.97,82.65,262.81,72.33,78.51
7/1/2008,349.36,53.74,176.7,47.62,51.26
7/2/2008,336.36,51.76,174.82,45.08,50.24
7/3/2008,340.24,51.96,176.54,44.8,45.92
7/7/2008,350.32,52.06,173.9,43.06,46.62
7/8/2008,359.24,51.7,171.88,47.08,46.56
7/9/2008,348.5,50.46,168.62,44.12,45.86
7/10/2008,353.26,50.9,172.12,44.72,45.16
7/11/2008,345.16,50.5,170.96,43.34,44.32
7/14/2008,347.76,50.3,170.84,40.3,44.36
7/15/2008,343.52,51.3,167.61,38.67,44.51
7/16/2008,345.62,54.51,161.62,45.34,45.06
7/17/2008,345.69,52.67,165.75,46.65,45.76
7/18/2008,330.3,51.72,163.08,54.98,47.8
7/21/2008,332.58,51.28,165.96,57.12,47.66
7/22/2008,335.9,50.95,168.28,52.5,48.39
7/23/2008,332.52,52.86,161.98,66.88,55.52
7/24/2008,332.91,50.59,166.22,50.79,49.2
7/25/2008,324.24,52.32,163.4,59.16,54.9
7/28/2008,308.8,51,161.36,56.12,53.56
7/29/2008,314.16,52.22,161.8,64.44,55.06
7/30/2008,333.76,51.38,169.8,53.76,49.46
7/31/2008,332.83,50.87,165.85,53.05,50.26
8/1/2008,313.32,50.88,159.44,66.66,56.26
8/4/2008,306.46,50.56,153.2,65.24,57.92
8/5/2008,321.28,52.42,156.7,67.16,60.9
8/6/2008,338.07,52.17,163.75,53.6,52.04
8/7/2008,327.14,54.78,154.88,63.04,58.32
8/8/2008,339.1,56.26,157.44,64.5,62
8/11/2008,347.12,55.8,156.32,66.76,62.5
8/12/2008,353.46,56.24,153.76,62.26,62.96
8/13/2008,358.6,55.82,156.34,57.72,63.22
8/14/2008,358.64,55.82,154.9,60.36,63.78
4/28/2008,344.48,57.96,184.9,76.36,67.28
8/15/2008,351.48,55.62,154.14,61.4,66.02
8/18/2008,350.78,55.38,153.06,58.6,64.26
8/19/2008,347.06,54.64,155.9,56.16,61.94
8/20/2008,351.68,54.58,157.62,58.58,60.48
8/21/2008,348.57,54.36,160.7,58.08,60.6
5/6/2008,373.32,59.4,180.14,78.48,65.6
8/22/2008,353.58,55.68,160.6,60.42,61.22
5/8/2008,552.71,87.75,268.68,112.66,98.66
5/9/2008,366.9,58.78,177.64,73.3,65.88
5/12/2008,376.32,59.98,178.38,74.88,65.56
5/13/2008,379.92,59.56,179.36,73.22,65.1
5/14/2008,186.26,29.93,89.91,36.8,32.02
5/15/2008,565.72,90.8501,272.51,110.22,95.42
5/16/2008,375.3701,60,185.34,72.34,64.64
5/19/2008,367.2,58.92,188.72,72.2,66.88
5/20/2008,371.8,57.52,189.12,70.78,68.1
5/21/2008,356.38,56.5,187.34,69.26,68.32
5/22/2008,532.29,85.19,278.69,104.09,104.76
5/23/2008,358.22,56.52,183.21,68.66,70.05
5/27/2008,372.86,56.88,179.6,68.34,70.04
5/28/2008,374.02,56.36,180.86,67.74,68.46
5/29/2008,373.38,56.62,178.7,69.2,69
5/30/2008,564.19,84.95,266.87,102.62,102.92
6/2/2008,372.2,55.6,175.62,67.16,67.98
6/3/2008,370.74,54.62,171.42,66.62,67.9
6/4/2008,370.38,55.08,171.5,63.98,67.64
6/5/2008,378.86,56.6,178.62,63.98,67.88
6/6/2008,560.71,83.28,262.89,92.99,100
6/9/2008,363.22,55.42,178.14,59.22,65.86
6/10/2008,371.28,55.78,175.78,59.24,65.2
6/11/2008,361.62,54.24,177.22,57.7,63.9
6/12/2008,526.84,83.6,262.73,87.73,93.97
6/13/2008,344.71,58.14,176.72,59.56,61.48
8/25/2008,345.1,55.32,157.42,57.92,58.62
8/26/2008,347.28,54.54,159.9,58.04,58.92
8/27/2008,349.34,55.12,160.94,59.3,58.86
8/28/2008,347.48,55.88,162.36,62.86,60.12
8/29/2008,339.06,54.58,160.02,62.28,60.9
9/2/2008,332.38,54.2,154.64,65.26,58.56
6/16/2008,353.68,57.86,175.98,60.64,60.4
6/17/2008,362.86,57.6,177.24,58.48,60
6/18/2008,357.56,56.92,175.66,56.74,60.44
6/19/2008,540.63,86.32,259.41,84.65,86
6/20/2008,350.54,56.46,169.82,54.2,54.24
6/23/2008,346.32,55.94,175.4,51.76,52.78
6/24/2008,346.5,55.46,173.84,53.24,52.86
6/25/2008,354.78,56.7,175.2,53.22,53.58
9/18/2008,268.18,50.52,155.5,61.16,53.14
9/19/2008,281.82,50.32,159.22,74.96,53.58
9/22/2008,262.1,50.8,157.76,68.3,53.04
9/23/2008,253.68,50.88,155.38,66.6,52
9/24/2008,257.42,51.44,156.06,66.14,50.2
9/25/2008,263.86,53.22,161.34,68.74,51
9/26/2008,256.48,54.8,161.3,73.4,51.62
9/29/2008,210.52,50.02,148.12,60.5,42
9/30/2008,227.32,53.38,155.32,70,50.78
10/1/2008,218.24,52.96,157.16,76.26,50.16
10/2/2008,200.2,52.5,155,72.74,49.52
10/3/2008,194.14,52.64,155.88,68.96,48.22
10/6/2008,195.68,49.8,154.64,64.44,44.52
10/7/2008,178.32,46.46,152.14,47.54,41.04
10/8/2008,179.58,46.02,154,44.2,38.4
10/9/2008,177.48,44.6,136,39.26,35.6
10/10/2008,193.6,43,124.72,41.74,34.7
10/13/2008,220.67,50.98,146.16,45.58,46.76
10/14/2008,208.16,48.2,144.92,53.06,45.98
10/15/2008,195.95,45.32,124.7,47.64,43.34
10/16/2008,203.78,48.38,138.9,48.5,45.26
10/17/2008,194.8,47.86,136.08,46.48,48.78
10/20/2008,196.88,49.44,149.98,48.8,51.02
10/21/2008,182.98,46.72,143,47.94,50.5
10/22/2008,192.45,42.98,129.14,45.32,48.12
10/23/2008,196.46,44.64,140.78,46,47.86
10/24/2008,192.76,43.92,138.08,42.14,45.82
10/27/2008,184.1,42.36,132.18,41.06,40.86
10/28/2008,200.05,46.23,149.72,46.04,44.9
10/29/2008,209.67,46.05,149.3,44.64,42.64
10/30/2008,222.08,45.26,150.1,45.56,44.78
10/31/2008,215.18,44.66,148.24,48.34,47.46
11/3/2008,213.92,45.24,148.58,47.22,46.98
11/4/2008,221.98,47.06,154.98,49.06,45.64
11/5/2008,206.6,44.16,147.38,43.5,45.54
11/6/2008,198.2,41.76,139.92,40.24,44.32
11/7/2008,196.48,43,147.9,40.98,44.86
11/10/2008,191.76,42.6,148.04,38.96,42.88
11/11/2008,189.54,42.4,145.3,37.38,40.32
11/12/2008,180.24,40.6,137.86,34,37.74
11/13/2008,192.88,42.5,150.82,34.2,41.68
11/14/2008,180.48,40.12,147.36,32.84,40.04
11/17/2008,176.28,38.64,146.76,30.06,37.78
11/18/2008,179.82,39.24,152.66,30.38,38.06
11/19/2008,172.58,36.58,146.84,26.12,35.46
11/20/2008,80.49,17.53,68.51,11.25,16.3
11/21/2008,165.16,39.36,151.62,22.94,34.3
11/24/2008,185.9,41.38,157.6,29.18,38.14
11/25/2008,181.6,39.98,156.22,29.6,41.46
11/26/2008,190,40.98,161.78,30.86,41.96
11/27/2008,95,20.49,80.89,15.43,20.98
11/28/2008,185.34,40.44,160.3,32.5,42.02
12/1/2008,177.86,37.22,148.62,25.7,40.24
12/2/2008,184.94,38.3,155.22,28.74,40.64
12/3/2008,191.8,39.74,157.86,30.1,40.76
12/4/2008,182.82,38.22,152.54,28.68,39.8
12/5/2008,188,39.74,153.2,30.48,42.82
12/8/2008,199.44,42.02,159.2,35.68,42.9
12/9/2008,200.12,41.2,156.4,33.9,41.56
12/10/2008,196.42,41.22,160.14,33.38,43.14
12/11/2008,190,38.9,160.04,29.82,46.98
12/12/2008,196.54,38.72,160.9,29.86,47.08
12/15/2008,189.5,38.08,159.9,28.22,47.56
12/16/2008,190.86,40.22,166.28,30.2,48.7
12/17/2008,178.32,39.32,162.12,29.24,47.8
12/18/2008,178.86,38.6,154,27.92,49.82
12/19/2008,180,38.24,150.04,27.6,52.98
12/22/2008,171.48,38.36,149.82,27.06,51.48
12/23/2008,86.38,19.28,75.1,12.75,25.98
12/24/2008,170.08,38.34,151.56,27.06,51.92
12/26/2008,171.62,38.26,154.38,26.72,52.6
12/29/2008,173.22,37.92,156.04,25.88,51.14
12/30/2008,172.58,38.68,157.18,26.48,54.08
12/31/2008,170.7,38.88,159.66,28.16,53.2
1/2/2009,181.5,40.66,163.28,28.66,55.18
1/5/2009,189.16,41.04,163.26,27.96,54.28
1/6/2009,186.04,41.52,160.6,28.56,53
1/7/2009,182.02,39.02,156.5,27.42,52.6
1/8/2009,185.4,40.24,158.18,27.08,53.42
1/9/2009,181.16,39.04,155.14,25.98,52.9
1/12/2009,177.32,38.94,153.08,22.86,51.24
9/3/2008,333.92,53.8,156.04,65.92,59.36
9/4/2008,322.44,52.7,152.28,61.2,56.12
9/5/2008,320.36,51.3,151.24,64.46,55.42
9/8/2008,315.84,52.24,153.54,69.46,58.32
9/9/2008,303.19,52.18,146.52,65.04,56.96
9/10/2008,303.22,52.88,150.5,64.8,58.62
9/11/2008,305.31,54.66,151.12,66.12,59.92
1/13/2009,175.42,39.64,155.84,21.3,50.72
1/14/2009,170.66,38.18,150.2,20.4,48.16
1/15/2009,166.76,38.48,153.32,16.64,49.78
1/16/2009,164.66,39.42,156.2,14.36,51
1/20/2009,156.4,36.96,152.58,10.2,48.32
9/12/2008,297.88,55.24,155,67.48,59.22
9/15/2008,280.72,53.63,146.5,53.1,56.02
9/16/2008,279.76,51.98,152.86,59.1,53.56
9/17/2008,255.66,49.14,150.56,54.4,51.02
1/21/2009,165.66,38.76,158.52,13.36,50.1
1/27/2009,181.46,35.32,157.84,13,58.16
1/28/2009,188.48,36.08,158.5,14.78,59.98
1/29/2009,186,35.18,153.8,13.56,57.38
1/30/2009,180.26,34.2,152.96,13.16,56.66
2/2/2009,183.02,35.66,153.38,12,58.3
2/3/2009,185.96,37,156.24,10.6,59.48
2/4/2009,187.1,37.26,155.32,9.4,57.96
2/5/2009,192.92,38.08,159.56,9.68,57.6
2/6/2009,199.44,39.32,160.68,12.26,57.88
2/9/2009,205.02,38.88,158.96,13.78,59.04
2/10/2009,195.66,37.6,152.28,11.12,55.94
2/11/2009,193.64,38.42,149.16,12.14,57.1
2/12/2009,198.54,38.5,150.44,11.74,58.96
2/13/2009,198.32,38.18,149.18,11.14,57.92
2/17/2009,189.06,36.18,142.56,9.8,56.84
2/18/2009,188.74,36.24,143.88,9.14,56.66
2/19/2009,181.28,35.82,144.32,7.86,57.3
2/20/2009,182.4,36,142.46,7.58,55.96
2/23/2009,173.9,34.42,138.6,7.82,47.64
2/24/2009,180.5,34.34,144.18,9.46,48.42
2/25/2009,182.32,33.92,144.1,10.32,46.06
2/26/2009,178.38,32.84,141.9,10.64,40.14
2/27/2009,178.62,32.3,135.8,7.9,39.3
3/2/2009,175.88,31.58,129.82,7.26,34.96
3/3/2009,176.74,31.76,128.72,7.3,35.6
3/4/2009,182.34,32.24,131.36,7.18,35.92
3/5/2009,177.68,30.54,124.44,6.34,32.7
3/6/2009,170.6,30.56,128.06,6.28,35.8
3/9/2009,166.22,30.3,129.14,7.5,35.58
3/10/2009,177.3075,33.1,134.78,9.58,38.62
3/11/2009,185.36,34.22,131.54,9.86,38.24
3/12/2009,192.7,34.02,134.3,11.7,40.82
3/13/2009,95.93,16.65,67.2,5.76,21.36
3/16/2009,190.84,32.5,133.94,12.36,41.36
3/17/2009,199.32,33.8,138.18,12.54,43.08
3/18/2009,203.04,33.92,138.34,15.34,43.9
3/19/2009,203.24,34.28,136.66,13.86,42.6
3/20/2009,203.18,34.12,132.18,12.38,41.26
3/23/2009,215.32,36.66,141.06,15.6,44.1
3/24/2009,213.17,35.79,138.73,14.38,42.24
3/25/2009,212.98,35.76,140.32,15.4,42.36
3/26/2009,219.74,37.66,142.46,15.16,43.24
3/27/2009,213.7,36.26,139.96,14.68,42.16
3/30/2009,208.98,34.96,137.26,12.06,41.08
3/31/2009,210.24,36.74,136.2,13.64,41.86
4/1/2009,217.38,38.62,138.46,14.1,41.36
4/2/2009,225.42,38.58,140.5,14.48,42.14
4/3/2009,231.98,37.5,140.88,15.2,41.08
4/6/2009,236.9,37.52,140.1,14.96,43.86
4/7/2009,229.95,37.52,137.42,14.72,46.9
4/8/2009,232.64,38.38,137.92,14.12,45.72
4/9/2009,239.14,39.32,139.68,19.1,47.72
4/13/2009,240.44,39.18,136.04,22.04,48.74
4/14/2009,236.62,38.7,135.4,20.18,49
4/15/2009,235.28,37.66,136.28,20.88,50.22
4/16/2009,242.9,39.52,134.82,20.68,48.72
4/17/2009,246.84,38.4,133.5,21.2,48.28
4/20/2009,241,37.22,130.58,16.04,48.42
4/21/2009,243.52,37.94,132.46,17.52,45.6
4/22/2009,243.02,37.56,129.5,16.52,45.62
4/23/2009,250.8,37.84,131.42,17.64,46.32
4/24/2009,247.8,41.82,133.14,18.2,46.12
4/27/2009,249.46,40.8,132.26,17.84,46.02
4/28/2009,247.892,39.86,134.16,16.3,47.78
4/29/2009,250.28,40.5,136.88,17.36,47.74
4/30/2009,251.66,40.52,133.34,17.86,47.04
5/1/2009,254.48,40.48,136.02,17.4,45.94
5/4/2009,264.09,40.44,136.32,20.76,47.44
5/5/2009,265.42,39.58,135.3,21.68,51.12
5/6/2009,265,39.58,137.16,25.38,51.86
5/7/2009,258.12,38.64,137.86,27.02,56.78
5/8/2009,258.38,38.84,141.6,28.34,57.74
5/11/2009,259.14,38.64,138.54,25.88,55.18
5/12/2009,248.84,39.78,141.64,24.52,54.64
5/13/2009,238.98,39.44,139.54,22.02,55.32
5/14/2009,245.9,40.12,139.52,22.62,55.6
1/22/2009,176.72,34.22,156.46,11.42,54.38
1/23/2009,176.72,34.4,156.08,12.48,56.08
1/26/2009,179.28,35.26,157.2,12,56.3
6/16/2009,272.7,46.9,143.26,25.46,48.04
6/17/2009,271.16,47.36,142.84,24.6,48.04
6/18/2009,271.76,47,142.88,25.8,50.9
6/19/2009,278.96,48.14,142.1,26.44,50.86
6/22/2009,274.74,46.56,137.68,23.88,49.12
6/23/2009,268.02,46.68,137.9,24.46,49.08
6/24/2009,272.44,46.94,136.9,24.7,49.62
6/25/2009,279.72,47.58,139.76,24.7,49.98
6/26/2009,284.84,46.72,138.1,25.5,49.54
6/29/2009,283.94,47.72,141.16,26.38,50.24
6/30/2009,284.86,47.54,139.82,26.4,49.96
7/1/2009,285.66,48.08,141.12,26.1,50.32
7/2/2009,280.04,46.74,136.98,25.28,47.82
7/6/2009,277.22,46.4,136.2,24.3,48.18
7/7/2009,270.8,45.06,133.12,24.3,50.34
7/8/2009,274.44,45.12,132.52,23.68,49.34
7/9/2009,272.72,44.9,131.94,23.94,49.88
7/10/2009,277.04,44.78,130.24,23.76,49.34
7/13/2009,284.68,46.46,131.4,25.98,50.02
7/14/2009,284.54,46.22,132.44,25.82,49.54
7/15/2009,293.76,48.24,136.88,26.84,49.82
7/16/2009,295.04,48.88,136.92,26.34,50.5
7/17/2009,303.5,48.58,137.04,25.78,50.18
7/20/2009,305.899,49.06,137.88,24.48,49.68
7/21/2009,303.11,49.66,140.94,24.38,51.18
7/22/2009,313.48,49.6,139.98,24.46,52
7/23/2009,315.69,51.12,143.22,25.38,54.1
7/24/2009,319.886,46.9,144.58,25.02,54.64
7/27/2009,320.2,46.22,145.5,26.18,55.24
7/28/2009,320,46.94,143.78,26.68,58.16
7/29/2009,320.06,47.6,142.86,27.04,56.82
7/30/2009,325.58,47.62,141.44,27.94,56.2
7/31/2009,326.78,47.04,140.78,29.58,56.12
8/3/2009,332.86,47.66,141.3,30.64,54.72
8/4/2009,331.1,47.54,141.2,31.28,53.86
8/5/2009,330.22,47.62,140.06,33.32,52.36
8/6/2009,327.82,46.92,139.46,33.4,51.96
8/7/2009,331.12,47.13,138.94,32.84,53.02
8/10/2009,329.44,46.84,138.36,33.36,54.14
8/11/2009,325.66,46.28,136.26,31.7,55.64
8/12/2009,330.62,47.06,138.22,31.86,55.58
8/13/2009,336.84,47.24,137.5,34,56.74
8/14/2009,333.56,47.392,136.42,34.78,56.12
8/17/2009,319.26,46.5,133.1,33.12,56.96
8/18/2009,328.03,47.16,132.98,33.8,56.36
8/19/2009,329.24,47.29,136,33.5,56.36
8/20/2009,332.66,47.34,137.18,34.28,56.78
8/21/2009,338.44,48.82,139.84,34.92,57.84
8/24/2009,338.12,49.28,142.6,34.7,59.38
8/25/2009,338.8,49.28,141.36,35.5,59.84
8/26/2009,334.82,49.1,142.74,35.58,57.86
8/27/2009,338.89,49.38,141.72,35.84,57.88
8/28/2009,340.1,49.36,140.24,35.96,56.36
8/31/2009,336.42,49.3,138.3,35.18,56
9/1/2009,330.598,48,136.82,32.92,54.66
9/2/2009,330.36,47.72,136.36,32.54,57.32
9/3/2009,333.08,48.22,136.52,33.68,57.74
9/4/2009,340.62,49.24,138.36,34.18,57.76
9/8/2009,345.86,49.64,141.3,34.04,55.68
9/9/2009,342.28,49.56,141,34.08,56.8
9/10/2009,345.16,50,141.3,34.44,58.22
9/11/2009,344.32,49.72,139.96,33.94,58.14
9/14/2009,347.44,50,140,33.98,57.52
9/15/2009,350.32,50.41,138.98,33.58,55.4
9/16/2009,363.74,50.38,140.68,34.5,58.58
9/17/2009,369.1,50.6,139.68,35.22,58.68
9/18/2009,370.04,50.52,139.98,35.26,57.16
9/21/2009,368.04,50.6,139.14,34.5,57.18
9/22/2009,368.96,51.54,139.66,35.22,55.16
9/23/2009,371,51.43,138,35,53.36
9/24/2009,367.64,51.88,137.86,33.96,52.06
9/25/2009,364.74,51.1,137.4,33.2,50.68
9/28/2009,186.15,25.83,69.59,17.22,25.8
9/29/2009,370.76,51.5,138.14,34.32,51.36
9/30/2009,370.72,51.61,137.22,33.84,50.08
10/1/2009,361.6199,49.76,134.54,32.42,49.58
5/15/2009,244.84,40.44,138.22,21.34,55.02
5/18/2009,253.32,41.2,141,23.46,55.62
5/19/2009,254.9,40.62,141.04,22.5,54.92
5/20/2009,251.74,40.76,139.22,22.98,55.56
5/21/2009,248.36,39.64,136.78,22.82,53.84
5/22/2009,245,39.5,137.66,22.14,52.6
5/26/2009,261.56,40.68,139.62,21.96,54.38
5/27/2009,266.1,40.26,136.6,21.82,54.98
5/28/2009,270.14,40.9,138.46,22.6,54.38
5/29/2009,271.62,41.78,138.7,22.54,53.2
6/1/2009,278.65,42.8,143.52,22.42,55
6/2/2009,278.98,42.8,145.84,22.82,56.2
6/3/2009,281.9,43.46,144.16,22.42,55
6/4/2009,287.48,43.66,145.96,23.74,54.54
6/5/2009,289.34,44.28,145.94,23.72,54.2
6/8/2009,287.7,44.1,146.34,24.12,52.1
6/9/2009,285.44,44.16,146.24,24.12,51.96
6/10/2009,280.5,45.1,147.68,23.96,51.46
6/11/2009,279.95,45.66,148.1,25.94,48.1
6/12/2009,273.94,46.66,147.56,27.44,48.42
6/15/2009,272.18,46.87,145.62,26.66,47.02
10/7/2009,380.5,50.19,137.34,34.7,50.1
10/8/2009,378.54,51.34,138.1,34.66,48.32
10/9/2009,380.94,51.14,138.54,35,49.34
10/12/2009,381.62,51.44,140.26,36.06,50.46
10/13/2009,380.04,51.62,140.52,35.62,48.58
10/14/2009,382.58,51.92,143.68,37.18,49.74
10/15/2009,381.12,53.42,145.88,36.2,49.1
10/16/2009,376.1,53,146.24,34.52,48.9
10/19/2009,379.72,52.72,147.24,34.32,49.84
10/20/2009,397.52,52.74,146.04,34.02,51.92
10/21/2009,409.84,53.19,146.62,33.02,50.24
10/22/2009,410.4,53.18,148.88,33.04,51.42
10/23/2009,407.88,56.04,147.14,32.44,51.7
10/26/2009,404.96,57.36,146.46,30.8,50.62
10/27/2009,394.74,57.22,149.82,30.9,53
10/28/2009,384.8,56.04,147.68,30.02,51.76
10/29/2009,392.7,56.44,147.92,31.46,52.94
10/30/2009,377,55.46,143.34,29.16,51.9
11/2/2009,378.62,55.76,144.3,29.26,52.84
11/3/2009,377.5,55.09,143.48,29.6,53.82
11/4/2009,381.76,56.12,142.6,29.4,55.74
11/5/2009,388.2101,56.94,145,30.26,56.42
11/6/2009,388.68,57.04,145.16,30.1,57.34
11/9/2009,402.92,57.98,145.7,31.54,58.26
11/10/2009,405.96,58.02,145.22,32.06,57.94
11/11/2009,406.5,58.24,145.82,32.86,58.74
11/12/2009,403.98,58.72,143.8,32.12,57.52
11/13/2009,408.9,59.26,144.94,31.96,58.16
11/16/2009,413.26,59.08,148.86,31.74,58.3
11/17/2009,414,60,150.06,31.54,57.94
11/18/2009,411.92,60.22,150.54,32.7,57.74
11/19/2009,401.02,59.56,149.3,32.16,57.26
11/20/2009,399.84,59.24,148.76,32.18,57.12
11/23/2009,411.76,59.88,151.4,32.58,58.16
11/24/2009,408.88,59.82,151.94,32.2,59.12
11/25/2009,408.38,59.58,152.94,31.9,59.08
11/27/2009,401.18,58.44,149.74,30.94,58.88
11/30/2009,399.82,58.82,150.14,31.7,57.34
12/1/2009,394.03,60.02,152.08,31.8,57.4
12/2/2009,392.46,59.56,151.58,31.3,56.58
12/3/2009,392.96,59.66,149.98,31.52,54.66
12/4/2009,386.64,59.96,148.5,32.48,54.92
12/7/2009,377.98,59.58,147.54,31.78,56.6
12/8/2009,379.74,59.14,145.9,30.82,56.92
12/9/2009,395.33,59.42,145.58,30.78,57
12/10/2009,392.86,59.74,144.8,30.42,60.62
12/11/2009,389.34,59.7,145.66,31.26,60.96
12/14/2009,393.96,60.22,139.38,31.26,61.9
12/15/2009,388.42,60.03,138.34,30.38,62.64
12/16/2009,390.06,60.2,136.86,30.56,64.4
12/17/2009,383.72,59.2,136.44,29.72,63.64
12/18/2009,390.93,60.6,136.42,30.06,63.08
12/21/2009,396.46,61.04,137.02,30.56,64.34
12/22/2009,400.72,61.63,137.14,30.66,64.64
12/23/2009,404.2,61.82,136.52,30.38,63.24
12/24/2009,418.08,62,137.32,30.5,63.36
12/28/2009,423.22,62.33,138.16,30.58,62.78
12/29/2009,418.2,62.76,137.68,30.24,61.7
12/30/2009,423.28,61.92,137.54,30.14,62.02
12/31/2009,421.592,60.97,136.38,30.12,60.96
1/4/2010,428.19,61.9,138.3,31.38,63.06
1/5/2010,214.38,30.96,69.42,16.2,31.48
1/6/2010,421.94,61.54,140.04,32.78,63.58
1/7/2010,421.16,60.932,139.6,33.86,66.02
1/8/2010,423.96,61.32,139.04,33.56,65.4
1/11/2010,420.22,60.54,140.6,33.86,65.84
1/12/2010,415.44,60.14,139.9,32.72,64.1
1/13/2010,421.3,60.7,139.34,33.24,65.08
1/14/2010,418.86,61.92,139.36,33.64,66.64
1/15/2010,411.86,61.72,138.22,32.52,67.5
1/19/2010,430.08,62.2,138.54,32.64,70.26
1/20/2010,423.545,61.185,136.06,32.98,69.1
1/21/2010,416.352,60.05,133.4,30.94,66.2
1/22/2010,395.34,57.92,132.2,29.8,66.32
1/25/2010,405.945,58.61,131.7,29.96,66
1/26/2010,411.88,59,131.84,29.54,64.88
1/27/2010,415.864,59.34,131.08,30.38,66.48
1/28/2010,398.58,58.32,129.92,30.74,66.86
1/29/2010,384.183,56.36,128.86,30.36,66
2/1/2010,389.46,56.82,132.36,30.84,66.26
2/2/2010,391.72,56.94,133.92,31.2,68.1
2/3/2010,398.46,57.26,133.2,31.06,66.64
2/4/2010,384.05,55.65,129.44,29.5,64.92
2/5/2010,390.75,56.04,129.6,30,65.08
10/2/2009,369.78,49.92,133.16,32.68,48.56
10/5/2009,372.014,49.28,135.16,33.92,48.08
10/6/2009,380.02,50.22,137.32,34,48.76
2/26/2010,409.24,57.33,130,33.32,67.72
3/1/2010,417.98,58.04,130.8,33.42,68.08
3/2/2010,417.7,56.92,130.98,32.92,67.9
3/3/2010,418.66,56.92,130.86,32.74,68.2
3/4/2010,210.71,28.63,65.4,16.4,32.95
3/5/2010,437.95,57.1775,132.94,33.4,67.48
3/8/2010,438.16,57.26,132.96,33.46,66.2
3/9/2010,446.04,57.6,133.56,33.6,66.16
3/10/2010,449.68,57.94,134.44,34.22,66.48
3/11/2010,450.34,58.15,134.44,34.23,66.74
3/12/2010,453.2,58.54,133.6,33.7,65.82
3/15/2010,447.68,58.58,132.6,33.7,65.06
3/16/2010,449,58.74,133.14,34.06,66.1
3/17/2010,448.24,59.26,134.72,34.54,65.5
3/18/2010,449.4,59.22,134.78,34.16,67.18
3/19/2010,444.5499,59.2,134.08,33.64,68.78
3/22/2010,449.62,59.2,133.94,33.93,66.6
3/23/2010,456.76,59.72,133.9,34.26,66.32
3/24/2010,458.74,59.3,133,35.14,65.44
3/25/2010,453.3,60.01,132.59,35.48,66.24
3/26/2010,461.8,59.32,133.08,35.8,65.26
8/3/2010,261.93,26.16,62.72,14.34,32.42
3/29/2010,464.78,59.18,134.6,36.08,65.68
3/30/2010,471.675,59.54,134.1,35.52,66.12
3/31/2010,469.93,58.5575,133.96,35.7,65.34
4/1/2010,471.94,58.32,135.22,36.08,65.98
4/5/2010,476.98,58.54,136.38,36.26,66.28
4/6/2010,479.08,58.64,135.8,36.98,66.82
4/7/2010,481.2,58.7,134.68,37.24,65.86
4/8/2010,479.89,59.83,135.72,37.3,65.24
4/9/2010,483.68,60.67,137.52,37.18,64.52
4/12/2010,484.58,60.64,137.42,37.32,64.52
4/13/2010,484.85,60.9,137.32,37.34,64.32
4/14/2010,487.86,61.15,137.32,38.06,63.31
4/15/2010,497.84,61.74,136.52,38.96,61.26
4/16/2010,494.8,61.34,135.86,36.82,61.46
4/19/2010,494.14,62.069,136.46,36.78,62.46
8/26/2010,240.28,23.82,58.48,12.47,31.85
4/20/2010,489.18,62.72,137.94,37.22,61.96
4/21/2010,518.44,62.672,137.84,36.56,60.52
4/22/2010,532.8295,62.78,137.12,37.08,60.92
4/23/2010,541.66,61.95,138.48,36.86,61.9
4/26/2010,539,62.22,138.58,36.1,59.7
9/8/2010,262.92,23.92,60.75,13.37,33.85
4/27/2010,524.3,61.705,136.54,34.94,59.6
4/28/2010,523.2,61.82,138.38,35.56,60.88
4/29/2010,537.28,62.033,137.32,36.6,62.6
4/30/2010,522.21,61.075,135.62,35.66,60.62
5/3/2010,532.7,61.72,135.68,36.12,60.52
5/4/2010,517.36,60.26,132.94,35.12,58.98
5/5/2010,511.955,59.71,132.34,35.06,60
5/6/2010,492.5,57.96,127.78,32.56,58.48
5/7/2010,471.72,56.42,127.4,32.36,58.04
5/10/2010,507.98,57.87,130.46,34.6,59.76
9/23/2010,288.92,24.43,61.15,13.17,35.44
9/24/2010,292.46,24.78,61.75,13.6,35.73
5/11/2010,513.04,57.74,128.92,34.32,59.7
9/28/2010,286.86,24.68,62.06,13.27,35.04
5/12/2010,524.18,58.88,129.82,34.14,60.64
5/13/2010,516.72,58.48,129.48,33.74,60.36
5/14/2010,507.64,57.86,127.2,32.68,60.78
5/17/2010,508.44,57.88,126.54,32.7,60.88
5/18/2010,504.72,57.2175,125.58,31.89,60.36
5/19/2010,496.68,56.48,124.9,32.62,59.98
5/20/2010,475.3,54.23,120.66,30.58,57.92
5/21/2010,484.57,53.7,121.76,31.98,57.4
5/24/2010,493.52,52.6,120.38,30.8,57.66
5/25/2010,490.44,52.14,119.42,30.98,57.74
5/26/2010,488.159,50.02,118.62,30.94,57.58
5/27/2010,506.7,51.96,122.92,32.36,58.64
5/28/2010,514.04,51.6,120.92,31.48,58.14
10/21/2010,309.52,25.4,66.32,11.36,36.49
6/1/2010,521.66,51.78,118.5,30.88,57.96
6/2/2010,527.9,52.89,121.54,31.78,59.82
6/3/2010,526.52,53.71,123.12,31.62,60.92
6/4/2010,256.12,25.83,59.62,15.35,30.34
6/7/2010,501.97,50.6,118.6,29.66,60.92
6/8/2010,498.72,50.22,122.48,30.66,61.78
6/9/2010,486.4,49.6,120.06,30.02,61.06
11/2/2010,309.66,27.4,67.84,11.4,37
6/10/2010,501.02,49.99,123.78,30.92,61.4
11/4/2010,318.27,27.14,69.38,12.13,36.8
6/11/2010,506.99,51.32,123.72,31.2,61.34
6/14/2010,254.05,25.49,61.37,15.41,30.59
6/15/2010,519.52,53.1625,125.02,31.599,62.38
6/16/2010,534.5,52.64,125.02,31.74,62.78
6/17/2010,543.74,52.74,125.2,31.64,63
6/18/2010,548.234,52.88,126.2,31.64,62.66
6/21/2010,540.52,51.9,126.26,31.58,62.3
6/22/2010,547.28,51.55,123.88,31.15,61.28
6/23/2010,541.94,50.638,122.2,30.86,60.42
6/24/2010,537.74,50,120.14,30.04,59.52
2/8/2010,388.24,55.44,128.7,28.96,64.82
2/9/2010,392.38,56.02,130.4,28.94,66
2/10/2010,390.406,55.99,129.7,29.34,65.42
2/11/2010,397.34,56.24,130.48,29.26,66.24
2/12/2010,400.76,55.86,129.6,28.9,64.36
2/16/2010,406.82,56.7,132.56,30.32,63.26
2/17/2010,405.1,57.18,131.52,31.32,65.1
2/18/2010,405.948,57.939,131.92,31.76,65.38
2/19/2010,403.34,57.55,131.74,31.76,63.88
2/22/2010,400.856,57.46,130.8,32.42,66.16
2/23/2010,394.109,56.66,129.88,31.88,65.62
2/24/2010,401.206,57.26,131.1,32.66,67.24
2/25/2010,404.01,57.2,130.28,33.1,66.9
7/2/2010,493.94,46.54,113.14,27.68,56.6
12/14/2010,640.58,55.25,144.36,24.8,73
7/6/2010,497.26,47.64,114.92,28.12,57.78
7/7/2010,517.435,48.61,116.86,29.42,58.4
12/17/2010,320.61,27.79,72.17,12.57,35.05
12/20/2010,322.21,27.81,72.22,12.62,35.18
7/8/2010,516.18,48.8295,117.62,29.72,59.36
7/9/2010,519.34,48.54,117.56,30.22,59.94
7/12/2010,514.695,49.66,117.88,30.42,60.08
7/13/2010,503.908,50.26,118.84,31.34,60.28
7/14/2010,505.597,50.87,118.52,31.34,60.64
12/30/2010,323.66,27.85,73.36,13.28,35.94
7/15/2010,502.9,51.02,118.54,30.78,61.76
1/4/2011,331.29,28.04,74.9,14.24,37.47
1/5/2011,334,28,74.7,14.5,37.59
7/16/2010,499.8,49.81,115.92,27.96,60.68
1/7/2011,336.12,28.58,75.59,14.25,38.45
7/19/2010,491.16,50.46,116.86,13.61,30.82
7/20/2010,503.96,50.95,117.9,13.77,30.83
1/13/2011,345.68,28.19,76.71,14.77,39.6
7/21/2010,508.48,50.24,116.34,13.36,30.7
7/22/2010,518.314,51.68,118.76,13.66,31
7/23/2010,519.88,51.62,119.44,13.74,30.92
7/26/2010,518.56,52.2,120.78,14.15,31.47
7/27/2010,528.16,52.32,121.62,14.19,30.78
1/26/2011,343.9,28.75,79.66,13.55,40.25
7/28/2010,521.92,51.9,121.82,13.99,30.33
7/29/2010,516.22,52.06,120.68,28.06,60.88
7/30/2010,514.5,51.62,119.36,28.08,60.9
2/2/2011,344.32,27.95,83.41,14.24,41.95
8/2/2010,523.7,52.66,123.88,28.88,62.88
2/7/2011,351.88,28.19,83.93,14.67,41.81
2/8/2011,355.2,28.3,82.98,14.61,41.97
2/9/2011,358.16,27.97,82.55,14.64,42.07
8/4/2010,525.96,51.46,125.44,28.38,65.82
8/5/2010,523.4,50.74,125.42,28.04,66.84
8/6/2010,520.171,51.1,123.94,27.92,66.9
8/9/2010,261.75,25.61,62.45,13.91,33.49
2/18/2011,350.56,27.1,84.5,14.75,42.84
8/10/2010,518.82,50.11,123.86,27.26,66.66
8/11/2010,500.26,49.7,120.78,26.38,63.98
8/12/2010,503.58,49,120.46,26.123,64.26
3/2/2011,352.12,26.07,85.08,13.83,43.56
8/13/2010,498.2,48.8,119.82,26.46,64.06
8/16/2010,495.28,49,119.76,26.38,63.8
8/17/2010,503.94,49.42,121.64,26.42,64.7
8/18/2010,506.14,49.67,120.3,26.64,65.08
3/14/2011,353.56,25.69,82.38,14.23,43.16
8/19/2010,249.88,24.45,59.29,13.02,31.79
3/16/2011,329.76,24.78,79.31,13.69,41.86
8/20/2010,499.28,48.46,117.78,25.74,63.22
3/18/2011,330.67,24.8,80.85,14.04,42.6
8/23/2010,491.6,48.56,119,25.74,63
8/24/2010,485.96,48.32,118.44,25.51,62.54
8/25/2010,242.89,24.11,58.91,12.65,31.96
8/27/2010,241.62,23.93,59.8,12.64,32.37
8/30/2010,485.39,47.74,117.91,24.98,63.87
3/31/2011,348.45,25.36,84.13,13.33,45.2
4/1/2011,344.56,25.48,84.68,13.37,45.61
8/31/2010,243.37,23.48,59.16,12.45,31.72
9/1/2010,250.33,23.91,60.91,13.2,32.59
4/5/2011,338.89,25.78,85.42,13.47,45.09
9/2/2010,504.34,47.88,122.12,26.56,65.72
9/3/2010,517.54,48.61,122.64,27,67.82
9/7/2010,515.62,47.92,121.1,26.42,67.56
9/9/2010,520.88,47.97,121.6,26.71,67.8
9/10/2010,526.82,47.7,122.4,27.1,68.98
4/20/2011,342.42,25.74,85.65,12.27,44.24
9/13/2010,534.36,50.18,122,27.9,69.44
4/25/2011,353.1,25.61,86.22,12.44,47.71
4/26/2011,350.45,26.19,87.42,12.23,47.35
9/14/2010,536.12,50.06,122.02,27.36,69.22
4/29/2011,348.23,26.02,88,12.28,49.23
9/15/2010,540.46,50.205,122,27.42,68.54
5/2/2011,346.28,25.66,86.97,12.34,49.88
9/16/2010,276.57,25.33,60.97,13.55,34.24
5/5/2011,346.92,25.79,82.62,12.3,49.58
9/17/2010,275.46,25.22,60.78,13.41,34.14
9/20/2010,566.6,50.87,123.13,27.48,69.86
5/10/2011,349.45,25.67,83.34,12.28,50.51
5/11/2011,347.23,25.36,81.12,12.25,50.02
9/21/2010,567.94,50.31,123.08,27.3,70.52
5/13/2011,340.5,25.03,80.87,11.93,49.95
9/22/2010,575.5,49.22,122.9,26.84,71.36
9/27/2010,291.05,24.72,61.71,13.24,35.35
5/20/2011,335.24,24.5,81.57,11.58,49.74
9/29/2010,574.74,49,123.18,26.22,70.4
5/25/2011,336.56,24.19,81.96,11.38,47.87
9/30/2010,567.5,48.98,123.58,26.213,70.22
5/26/2011,335,24.67,82.39,11.46,47.7
10/1/2010,282.52,24.38,62.54,13.3,35.43
10/4/2010,278.64,23.91,62.19,13.15,34.54
10/5/2010,289.41,24.39,63.26,13.56,35.07
6/3/2011,343.31,23.9,81.18,11.28,48.85
10/6/2010,289.19,24.43,63.94,13.39,33.95
10/7/2010,578.44,49.06,127.7,26.62,68.68
6/7/2011,331.91,24.06,80,10.65,47.97
6/9/2011,331.49,23.94,81.18,10.65,50.6
10/8/2010,588.18,49.14,128.76,26.36,68.7
10/11/2010,590.72,49.18,129.1,26.3,69.3
6/14/2011,332.25,24.21,80.38,10.8,49.6
6/16/2011,325.13,23.99,79.22,10.6,49.66
10/12/2010,597.28,49.66,129.4,27.04,70.04
10/13/2010,300.14,25.31,65.04,13.29,35.32
10/14/2010,604.62,50.46,130.6,25.2,71.56
10/15/2010,629.74,51.08,130.38,23.96,71.96
10/18/2010,632.64,51.36,131.47,24.32,72.23
6/28/2011,335.26,25.7,79.63,10.82,51.77
6/29/2011,334.04,25.62,80.25,11.14,51.54
10/19/2010,618.99,50.19,130.24,23.6,70.6
7/1/2011,343.23,26.02,82.04,11.09,53.13
7/6/2011,351.76,26.33,81.57,10.74,53.13
10/20/2010,621.06,50.62,132.02,23.5,73.46
10/22/2010,615.34,50.7675,132.68,22.88,74.52
7/13/2011,358.02,26.63,82.48,10.2,51.73
10/25/2010,617.68,50.38,132.4,22.32,75.12
10/26/2010,616.1,51.8,133.06,22.6,75.14
10/27/2010,307.83,26.05,65.67,11.54,35.93
10/28/2010,610.48,52.56,132.44,23.06,72.5
7/21/2011,387.29,27.095,85.02,10.23,52.15
10/29/2010,601.85,53.305,132.96,22.889,72.1
11/1/2010,304.18,26.95,66.95,11.5,36.11
11/3/2010,312.8,27.03,67.97,11.52,36.66
8/1/2011,396.75,27.27,79.6,9.81,48.02
11/5/2010,634.26,53.7,140,24.72,73.72
8/3/2011,392.57,26.9,77.72,9.54,47.18
11/8/2010,637.43,53.62,140.64,25.2,74.24
11/9/2010,316.08,26.95,70.63,12.27,36.98
11/10/2010,318.03,26.95,71.16,12.57,37.16
8/10/2011,363.69,24.2,68.03,6.77,41.85
11/11/2010,316.51,26.7,71.83,12.37,37.47
11/12/2010,616.06,52.54,141.98,24.24,73.34
11/15/2010,614.445,52.44,140.96,24.2,70.94
11/16/2010,602.88,51.6,137.88,23.88,70.02
8/18/2011,366.05,24.65,70.92,7.01,43.89
11/17/2010,601,51.14,138.02,23.24,70.66
8/23/2011,373.6,24.72,73.66,6.3,44.87
11/18/2010,616.99,51.6675,140.62,23.4,71.26
8/26/2011,383.58,25.25,72.64,7.76,45.72
8/29/2011,389.97,25.85,74.12,8.39,46.76
11/19/2010,306.9,25.7,70.54,11.66,36
8/30/2011,389.99,26.23,73.91,8.12,47.28
11/22/2010,626.72,51.47,140.38,22.6,72.92
9/1/2011,381.15,26.24,73.49,7.91,47.18
11/23/2010,617.46,50.23,137.96,22.18,72.1
9/6/2011,379.57,25.51,71.14,6.99,45.71
9/7/2011,383.93,26,73.65,7.48,47.21
9/8/2011,384.22,26.23,72.82,7.2,47.2
6/25/2010,532.67,48.9225,118.2,30.84,59.76
9/9/2011,377.33,25.74,71.01,6.98,45.52
6/28/2010,536.6,48.62,116.94,30.48,58.38
9/15/2011,392.9,26.98,74.06,7.33,50.54
11/24/2010,629.715,50.75,139.76,22.56,72.36
9/19/2011,411.63,27.21,73.7,6.99,49.95
11/26/2010,630.76,50.59,138.5,22.26,71.76
9/21/2011,412.14,25.99,71.97,6.38,48.01
11/29/2010,633.74,50.62,138.9,22.62,73.18
11/30/2010,622.3,50.4675,139.12,21.9,73.04
12/1/2010,632.8,52.09,142.66,22.58,75.34
9/30/2011,381.18,24.89,72.63,6.12,46.12
12/2/2010,636.3,53.79,142.96,23.36,76.1
12/3/2010,317.5,27.02,71.19,11.86,37.82
12/6/2010,640.32,53.68,142.62,23.28,74.58
10/7/2011,369.8,26.25,73.56,5.9,44.89
12/7/2010,636.42,53.74,142.92,23.14,73.54
6/29/2010,512.25,46.63,114.58,29.14,57.26
6/30/2010,503.06,46.02,114.14,28.74,56.8
10/19/2011,398.62,27.13,78.43,6.4,46.45
10/20/2011,395.31,27.04,78.71,6.47,46.88
10/21/2011,393.1,27.16,80.13,6.46,47.92
7/1/2010,496.96,46.32,113.22,28.04,55.7
12/15/2010,640.72,55.7,143.7,24.58,70.9
12/16/2010,642.26,55.9575,144.47,25.04,71.22
10/31/2011,404.78,26.63,78.09,6.83,47.99
12/21/2010,648.41,56.14,145.44,25.96,70.66
11/4/2011,400.24,26.25,78.52,6.49,45.58
12/22/2010,650.32,56.3675,145.6,26.76,71.68
11/7/2011,399.73,26.8,79.35,6.45,45.17
11/8/2011,406.23,27.16,79.76,6.53,46.15
12/23/2010,647.2,56.6,146.4,26.12,71.54
12/27/2010,324.68,28.07,73.01,13.27,35.54
12/28/2010,325.47,28.01,73.42,13.34,35.72
12/29/2010,325.29,27.97,73.37,13.31,35.91
11/17/2011,377.41,25.54,77.86,5.8,44.52
12/31/2010,322.56,27.92,73.12,13.34,36.11
1/3/2011,329.73,27.98,74.55,14.19,37.13
11/21/2011,369.01,25,76.91,5.49,44.44
1/6/2011,333.78,28.8,75.18,14.44,38.37
11/25/2011,363.5,24.3,73.9,5.17,43.67
1/10/2011,342.25,28.21,75.15,14.4,38.45
11/29/2011,373.2,24.84,76.93,5.08,45.88
1/11/2011,341.64,28.13,75.69,14.69,39.08
11/30/2011,382.2,25.58,80.44,5.44,48.77
1/12/2011,344.42,28.54,76.58,14.99,38.86
1/14/2011,348.48,28.3,77.84,15.25,40.77
1/18/2011,341.06,28.66,78.72,15,40.88
12/6/2011,390.95,25.66,80.82,5.78,48.29
12/7/2011,389.09,25.6,81.08,5.89,49.34
1/19/2011,338.84,28.47,78.24,14.37,40.56
1/20/2011,332.85,28.36,77.75,14.54,40.31
12/9/2011,393.62,25.7,81.34,5.72,48.91
1/21/2011,326.72,28.02,78.98,14.25,40.41
12/13/2011,388.81,25.76,80.53,5.32,47.93
1/24/2011,337.45,28.38,78.59,13.92,39.81
12/14/2011,380.19,25.59,79.44,5.23,47.76
12/15/2011,378.94,25.56,80.03,5.26,48.52
1/25/2011,341.4,28.45,78.68,13.63,40.62
12/16/2011,381.02,26,80.16,5.2,49
12/19/2011,382.21,25.52,79.53,4.99,48.97
12/20/2011,396.1,26.05,82,5.17,49.82
1/27/2011,343.25,28.83,79.88,13.67,42.29
12/21/2011,396.445,25.76,83.12,5.23,49.99
1/28/2011,336.05,27.76,78.99,13.6,40.93
12/23/2011,403.38,26.03,85.22,5.6,51.35
1/31/2011,339.32,27.725,80.68,13.73,41.05
12/27/2011,406.53,26.04,85.28,5.48,51.35
2/1/2011,345.03,28.01,83.91,14.31,42.07
12/29/2011,405.12,26.02,85.27,5.46,51.18
12/30/2011,405,25.96,84.76,5.56,50.68
2/3/2011,343.44,27.65,83.44,14.43,43.04
2/4/2011,346.5,27.77,83.28,14.29,42.49
2/10/2011,354.54,27.5,83.2,14.49,42.43
1/9/2012,421.75,27.74,85.5,6.27,52.72
2/11/2011,356.85,27.27,82.82,14.77,42.38
2/14/2011,359.18,27.23,84.91,14.89,42.46
1/11/2012,422.55,27.72,85.08,6.87,53.01
2/15/2011,359.94,26.96,82.97,14.77,42.03
2/16/2011,363.13,27.02,83.69,14.84,42.5
2/17/2011,358.3,27.21,83.88,14.81,42.59
2/22/2011,338.61,26.59,85.44,14.18,42.96
1/19/2012,427.75,28.12,87.03,6.96,52.32
2/23/2011,342.62,26.59,87.07,14.17,42.91
2/24/2011,342.79,26.76,85.97,13.97,42.75
1/24/2012,420.5,29.35,87.18,7.29,51.33
2/25/2011,348.16,26.55,85.34,14.2,42.52
2/28/2011,353.21,26.58,85.53,14.29,42.58
3/1/2011,349.51,26.18,84.8,13.93,42.45
1/27/2012,447.28,29.23,85.83,7.29,51.02
1/30/2012,453.01,29.61,85.49,7.07,51.07
1/31/2012,456.48,29.53,83.74,7.13,51.79
3/3/2011,359.56,26.2,85.82,14.27,44.79
3/4/2011,360,25.97,85.08,14.12,44.45
3/7/2011,355.36,25.72,84.72,14.03,43.56
3/8/2011,355.69,25.91,84.6,14.69,43.83
2/6/2012,463.97,30.2,85.75,7.97,51.29
3/9/2011,352.47,25.89,84.38,14.59,44.49
2/8/2012,476.68,30.66,85.32,8.13,52.14
3/10/2011,346.63,25.4,81.38,14.26,43.79
3/11/2011,351.99,25.68,82.12,14.38,43.59
3/15/2011,345.43,25.39,81.39,13.96,42.79
3/17/2011,334.64,24.78,81.16,13.98,42.27
2/16/2012,502.55,31.3,85.41,8.09,54.79
3/21/2011,339.22,25.35,82.89,14.05,43.19
2/17/2012,502.12,31.25,85.62,8.02,54.68
3/22/2011,341.2,25.295,82.56,13.88,42.74
2/22/2012,513.04,31.27,86.92,7.95,55.18
3/23/2011,339.19,25.54,82.6,13.65,42.75
3/24/2011,345.09,25.81,82.73,13.48,43.8
3/25/2011,351.54,25.62,83.62,13.34,43.75
2/27/2012,525.76,31.35,87.23,8.04,55.73
3/28/2011,350.44,25.41,83.47,13.37,43.87
3/29/2011,350.96,25.49,83.25,13.35,44.48
3/30/2011,348.78,25.58,84.49,13.45,45.4
3/2/2012,545.18,32.08,86.33,8.13,55.84
4/4/2011,341.19,25.55,84.87,13.44,45.6
3/7/2012,530.69,31.84,85.83,8.02,54.39
4/6/2011,338.04,26.15,85.18,13.72,44.96
4/7/2011,338.08,26.2,85.76,13.61,44.43
4/8/2011,335.06,26.07,85.95,13.48,44.38
4/11/2011,331,25.99,85.16,13.49,44.32
3/13/2012,568.1,32.67,86.86,8.49,55.33
4/12/2011,332.4,25.64,83.18,13.47,44.81
4/13/2011,336.09,25.63,83.16,13.27,44.33
4/14/2011,332.07,25.4,83.44,13.13,44.82
4/15/2011,327.46,25.38,84.29,12.82,44.98
3/20/2012,605.96,31.99,86.6,9.81,54.78
4/18/2011,331.85,25.1,83.1,12.42,43.55
4/19/2011,337.86,25.15,83.8,12.34,43.96
4/21/2011,350.72,25.54,86.36,12.31,47.81
3/26/2012,606.98,32.59,87.03,9.93,55.1
4/27/2011,350.24,26.38,87.78,12.33,48.21
3/28/2012,617.62,32.19,85.86,9.75,55.44
4/28/2011,347.11,26.72,87.34,12.42,49.1
4/2/2012,618.68,32.29,87.07,9.68,59.12
5/3/2011,348.2,25.83,85.62,12.6,49.68
4/3/2012,629.32,31.94,85.83,9.49,59.4
4/4/2012,624.31,31.21,84.98,9.2,59.06
5/4/2011,349.89,26.04,84.81,12.49,49.56
4/5/2012,633.68,31.52,84.82,9.23,59.01
5/6/2011,346.66,25.87,82.69,12.31,50.12
5/9/2011,347.6,25.83,83.18,12.18,50.47
4/11/2012,626.11,30.34,82.7,8.86,58.02
4/13/2012,605.23,30.81,82.95,8.68,58.05
5/12/2011,346.57,25.32,81.05,12.2,50.08
4/17/2012,609.7,31.44,85.45,8.92,58.1
5/16/2011,333.3,24.57,80.24,11.86,50.17
5/17/2011,336.14,24.52,80.41,11.9,49.99
5/18/2011,339.84,24.7,81.74,11.79,50.61
5/19/2011,340.53,24.715,82.33,11.69,50.55
4/24/2012,560.28,31.92,86.31,8.21,58.72
5/23/2011,334.4,24.16,80.67,11.42,49.16
5/24/2011,332.33,24.15,81.29,11.46,47.96
5/27/2011,337.41,24.76,82.63,11.69,48.3
4/30/2012,584.24,32.02,86.34,8.11,56.15
5/1/2012,582.13,32.01,87.04,8.31,57.13
5/31/2011,347.83,25.01,83.47,11.75,48.95
6/1/2011,345.5,24.43,82.02,11.24,48.35
5/3/2012,581.82,31.76,85.65,8,55.72
5/4/2012,565.25,30.98,84.57,7.74,54.72
6/2/2011,345.97,24.215,81.33,11.29,49.39
5/7/2012,569.48,30.65,84.48,7.96,55.25
6/6/2011,338.05,24.01,80.29,10.83,48.15
5/10/2012,570.52,30.74,82.84,7.7,55.29
6/8/2011,332.24,23.94,80.76,10.54,48.2
6/10/2011,325.57,23.69,79.78,10.8,49.41
6/13/2011,326.62,24.04,79.23,10.97,49.11
6/15/2011,326.79,23.75,78.66,10.5,49.35
6/17/2011,320.38,24.27,79.02,10.68,49.96
5/21/2012,561.28,29.75,82.04,6.83,55.55
6/20/2011,315.32,24.47,79.71,10.6,51.27
5/22/2012,556.97,29.76,81.95,6.98,55.72
5/23/2012,570.56,29.11,82.04,7.17,55.36
6/21/2011,325.3,24.76,80.57,10.83,52.22
5/24/2012,565.32,29.07,82.61,7.14,56.22
6/22/2011,322.67,24.645,79.82,10.79,51.78
5/29/2012,572.27,29.56,81.93,7.44,56.15
6/23/2011,331.23,24.63,78.44,10.71,51.15
6/24/2011,326.35,24.3,76.78,10.52,50.46
5/31/2012,577.73,29.19,78.63,7.35,55.77
6/27/2011,332.04,25.18,77.92,10.85,51.03
6/4/2012,564.29,28.55,77.83,6.9,54.91
6/5/2012,562.7,28.53,77.6,7.1,56.04
6/30/2011,335.67,26,81.38,10.96,51.58
7/5/2011,349.2,26.03,81.6,11,52.85
6/11/2012,571.54,28.92,80.27,7.28,57.46
7/7/2011,357.2,26.77,82.36,10.92,52.63
7/8/2011,359.71,26.92,82.42,10.7,52.08
6/13/2012,572.16,29.13,80.63,7.5,58.01
7/11/2011,354,26.63,81.9,10.35,50.94
7/12/2011,353.75,26.54,81.89,10.21,51.41
7/14/2011,357.77,26.47,82.24,10.07,52.27
6/19/2012,587.41,30.7,84.48,8.11,60.26
7/15/2011,364.92,26.78,83,10,51.97
7/18/2011,373.8,26.59,82.65,9.72,51.95
7/19/2011,376.85,27.55,83.63,9.57,51.45
7/20/2011,386.9,27.06,83.3,9.85,51.51
7/22/2011,393.3,27.525,85.22,10.13,52.75
7/25/2011,398.5,27.89,84.57,10.01,51.63
7/26/2011,403.36,28.07,84.37,10,51.26
6/29/2012,584,30.59,85.57,8.18,58.5
7/2/2012,592.71,30.56,85.34,8.05,56.26
7/27/2011,392.57,27.33,83.31,9.68,49.89
7/28/2011,391.82,27.72,81.46,9.79,49.92
7/5/2012,609.94,30.7,85.57,7.82,55.81
7/29/2011,390.48,27.4,79.79,9.71,49.63
8/2/2011,388.91,26.8,77.84,9.49,46.98
7/10/2012,608.21,29.74,83.11,7.48,55.7
8/4/2011,377.37,25.94,73.84,8.83,45.07
8/5/2011,373.62,25.68,74.82,8.17,45.56
7/13/2012,604.97,29.39,85.47,7.82,55.2
8/8/2011,353.21,24.48,70.19,6.51,41.93
8/9/2011,374.01,25.58,71.64,7.6,44.73
8/11/2011,373.7,25.19,71.58,7.25,43.93
8/12/2011,376.91,25.1,72,7.19,44.81
8/15/2011,383.41,25.54,74.29,7.76,45.94
7/23/2012,603.83,29.28,85.21,7.09,54.51
8/16/2011,380.48,25.35,73.5,7.4,45.5
8/17/2011,380.44,25.245,74.16,7.46,45.53
8/19/2011,356.03,24.05,69.8,6.97,43.32
8/22/2011,356.44,23.98,70.18,6.42,43.61
8/24/2011,376.18,24.9,73.54,6.99,45.91
8/25/2011,373.72,24.57,71.77,7.65,45.09
8/3/2012,615.7,29.75,87.55,7.43,51.61
8/31/2011,384.83,26.6,74.04,8.17,47.52
9/2/2011,374.05,25.8,72.14,7.25,45.73
9/12/2011,379.95,25.89,71.84,7.05,46.26
9/13/2011,384.62,26.04,71.65,7,47.99
9/14/2011,389.3,26.5,72.64,7.05,48.68
9/16/2011,400.5,27.12,74.55,7.23,50.76
8/17/2012,648.11,30.9,88.4,8,53.13
8/20/2012,665.15,30.74,87.95,8.15,53.2
9/20/2011,413.45,26.98,74.01,6.9,49.83
9/22/2011,401.82,25.06,69.24,6.06,47.09
9/23/2011,404.3,25.06,69.31,6.31,47.6
9/26/2011,403.17,25.44,71.72,6.6,48.81
8/27/2012,675.47,30.69,87.74,8.07,54.61
9/27/2011,399.26,25.67,72.91,6.48,49.45
9/28/2011,396.92,25.56,72.07,6.16,47.64
9/29/2011,390.57,25.45,73.88,6.35,46.58
10/3/2011,374.6,24.53,71.15,5.53,42.92
10/4/2011,372.5,25.34,72.83,5.76,42.78
10/6/2011,377.37,26.34,73.89,6.28,44.94
12/8/2010,642.02,54.43,143.7,24,73.68
9/10/2012,662.74,30.71,89.48,8.58,53.74
12/9/2010,639.6575,54.18,144.01,25.3,73.3
9/12/2012,669.72,30.78,89.55,8.97,52.82
12/10/2010,320.55,27.34,72.18,12.8,36.67
12/13/2010,643.34,54.475,144.72,25.08,73.8
9/18/2012,701.95,31.17,91.65,9.23,55.13
9/19/2012,702.1,31.05,90.57,9.29,54.95
9/20/2012,698.79,31.46,91.52,9.19,54.94
9/21/2012,700.71,31.23,91.92,9.11,56.18
10/26/2011,400.56,26.59,81.07,6.59,48.76
10/27/2011,404.69,27.25,81.88,7.22,49.18
10/28/2011,404.95,26.98,81.48,7.35,48.85
9/26/2012,665,30.175,91.23,8.82,55.78
11/1/2011,396.51,25.98,75.94,6.4,46.22
11/2/2011,397.41,26.01,77.37,6.72,46.36
11/3/2011,403.07,26.53,78.86,6.91,46.18
10/2/2012,661.31,29.66,91.72,8.93,56.8
11/9/2011,395.28,26.2,77.39,6.16,45.54
11/10/2011,385.22,26.28,78.7,6.03,46.13
11/11/2011,384.62,26.91,79.72,6.21,47.13
10/9/2012,635.85,29.28,92.13,9.21,57.47
11/14/2011,379.26,26.76,78.96,6.05,46.94
10/10/2012,640.91,28.98,91.03,9.21,57.11
10/11/2012,628.1,28.95,91.17,9.34,57.66
11/15/2011,388.83,26.74,79.09,6.13,46.55
11/16/2011,384.77,26.07,78.25,5.9,44.91
11/18/2011,374.94,25.3,77.9,5.78,44.55
11/22/2011,376.51,24.79,76.03,5.37,44.42
10/18/2012,632.51,29.54,93.48,9.47,56.01
11/23/2011,366.99,24.47,74.58,5.14,43.56
11/28/2011,376.12,24.87,75.84,5.25,45.03
10/23/2012,613.39,28.04,90.18,9.36,56.18
12/1/2011,387.93,25.28,79.79,5.53,48.52
12/2/2011,389.7,25.22,79.79,5.64,48.23
12/5/2011,393.01,25.7,80.45,5.79,48.27
12/8/2011,390.66,25.41,79.87,5.59,48.16
12/12/2011,391.84,25.51,80.05,5.45,48.2
11/6/2012,582.86,29.88,91.61,9.94,56.39
11/7/2012,557.99,29.07,88.12,9.23,54.25
11/9/2012,547.06,28.83,87.21,9.43,52.9
12/22/2011,398.55,25.81,84.29,5.47,50.73
11/15/2012,526.05,26.7,86.14,9.1,51.25
11/16/2012,527.72,26.52,86.45,9.12,51.9
12/28/2011,402.58,25.82,84.18,5.29,50.71
1/3/2012,411.23,26.83,86,5.8,51.49
1/4/2012,413.44,27.4,86.02,5.81,52.24
11/23/2012,571.75,27.7,89.09,9.9,53.92
11/26/2012,589.27,27.4,88.62,9.85,53.53
1/5/2012,418.03,27.68,85.76,6.31,52.59
1/6/2012,422.45,28.11,85.12,6.18,52.78
11/28/2012,582.94,27.36,88.1,9.76,52.75
1/10/2012,423.24,27.84,85.72,6.63,52.62
12/3/2012,586.14,26.43,87.61,9.8,53.89
1/12/2012,421.39,28,84.74,6.79,52.87
12/4/2012,575.85,26.34,87.19,9.91,53.54
1/13/2012,419.97,28.24,84.88,6.61,52.7
1/17/2012,424.7,28.26,85.69,6.48,53.57
1/18/2012,429.11,28.23,86.45,6.8,53.94
1/20/2012,420.3,29.71,87.49,7.07,52.27
1/23/2012,427.42,29.73,87.47,7.25,52.43
1/25/2012,446.66,29.56,87.22,7.35,51.57
1/26/2012,444.47,29.5,86.77,7.3,50.35
12/18/2012,534,27.57,89.56,11.35,54.95
2/1/2012,456.19,29.89,83.97,7.36,53.26
2/2/2012,455.12,29.95,83.53,7.45,52.54
12/21/2012,519.33,27.49,87.23,11.29,55.03
2/3/2012,459.68,30.24,84.92,7.84,51.31
12/24/2012,519.96,27.06,86.92,11.25,54.85
2/7/2012,468.83,30.35,86.34,7.85,52.03
2/9/2012,493.17,30.77,84.88,8.18,53.06
2/10/2012,493.69,30.5,83.78,8.07,53.32
1/2/2013,549.03,27.66,88.71,12.03,54.54
2/13/2012,502.6,30.58,84.42,8.25,53.85
2/14/2012,509.46,30.25,84.67,7.98,54.46
2/15/2012,497.67,30.05,84.12,7.78,54.62
1/7/2013,524.16,26.72,87.93,12.09,52.09
1/9/2013,517.1,26.7,88.14,11.43,52.37
2/21/2012,514.85,31.44,86.57,8.11,55.32
1/11/2013,520.3,26.83,89.61,11.63,52.82
2/23/2012,516.39,31.37,87.02,8.02,54.94
2/24/2012,522.41,31.48,87.34,7.88,55.65
2/28/2012,535.41,31.87,87.14,8.12,55.84
2/29/2012,542.44,31.74,86.5,7.97,55.75
3/1/2012,544.47,32.29,86.83,8.12,55.99
3/5/2012,533.28,31.8,87.01,7.97,55.04
1/23/2013,514.17,27.61,90.7,11.42,55.91
1/24/2013,450.47,27.63,91.35,11.53,56.22
3/6/2012,530.27,31.56,85.86,7.71,54.46
1/25/2013,439.88,27.88,91.73,11.62,56.04
3/8/2012,541.99,32.01,84.83,8.06,55.61
1/29/2013,458.27,28.01,91.76,11.49,56.28
3/9/2012,545.17,31.99,84.3,8.05,55.78
3/12/2012,552,32.04,85.55,7.99,55.02
3/14/2012,589.58,32.77,86.02,8.84,55.78
2/4/2013,442.21,27.43,89.15,11.48,55.75
3/15/2012,585.56,32.85,86.09,9.24,55.71
3/16/2012,585.57,32.6,86.44,9.8,55.59
2/7/2013,468.25,27.28,88.25,11.84,57.05
3/19/2012,601.1,32.2,86.99,9.53,56.13
3/21/2012,602.5,31.91,86.01,9.82,53.97
2/12/2013,467.84,27.88,88.46,12.25,57.01
3/22/2012,599.21,31.99,85.33,9.6,53.88
3/23/2012,595.81,31.97,85.55,9.85,53.66
3/27/2012,614.48,32.52,86.62,9.6,55.43
3/29/2012,609.86,32.12,86.08,9.53,58.11
3/30/2012,599.47,32.25,86.73,9.57,58.94
2/21/2013,446.07,27.49,88.59,11.42,55.24
2/22/2013,450.81,27.76,89.2,11.44,54.47
4/9/2012,636.23,31.1,83.88,8.93,58.14
2/27/2013,444.57,27.81,89.53,11.3,53.87
2/28/2013,441.4,27.8,89.55,11.23,53.45
4/10/2012,628.44,30.47,82.15,8.54,57.56
3/1/2013,430.51,27.95,89.43,11.34,53.52
4/12/2012,622.56,31,83.6,9.17,58.46
3/6/2013,425.65,28.09,89.56,11.92,53.61
4/16/2012,580.68,31.085,84.01,8.79,57.36
3/7/2013,430.4,28.14,88.71,12.26,53.8
4/18/2012,608.34,31.14,85.75,8.92,57.32
4/19/2012,587.95,31.03,85.28,8.77,58.71
3/12/2013,428.43,27.91,89.16,12.01,54.83
3/13/2013,428.35,27.92,89.26,12.06,54.48
4/20/2012,572.98,32.42,85.3,8.36,59.51
4/23/2012,571.7,32.12,85.69,8.18,59.19
4/25/2012,610,32.2,86.85,8.26,58.87
4/26/2012,607.7,32.11,86.07,8.27,58.37
4/27/2012,603,31.98,86.08,8.25,57.91
3/21/2013,452.73,28.11,88.17,12.57,55.06
5/2/2012,586,31.8,86.2,8.16,56.66
3/25/2013,463.58,28.16,89.02,12.4,54.86
5/8/2012,568.18,30.5,84.02,7.79,55.82
5/9/2012,569.18,30.76,83.31,7.73,55.22
4/2/2013,429.9,28.8,90.58,12.15,61.74
5/11/2012,566.71,31.16,83.1,7.55,55.2
5/14/2012,558.22,30.68,82.12,7.35,55.16
4/4/2013,427.72,28.6,89.77,11.94,62.03
5/15/2012,553.17,30.21,81.79,7.3,54.94
5/16/2012,546.075,29.9,82.17,7.11,54.9
5/17/2012,530.12,29.72,81.91,6.98,54.88
5/18/2012,530.38,29.26,81.47,7.02,53.99
4/11/2013,434.4,28.99,89.24,12.27,62.98
4/15/2013,419.85,28.68,86.49,11.98,61.59
5/25/2012,562.29,29.06,82.08,7.15,56.12
5/30/2012,579.17,29.34,79.79,7.2,56.17
4/19/2013,390.5,29.77,87.45,11.66,60.04
6/1/2012,560.99,28.45,77.92,7.02,55.04
4/22/2013,398.67,30.8,88.09,11.72,59.22
4/23/2013,406,30.6,89.3,12.07,58.54
6/6/2012,571.79,29.37,80.18,7.64,57.7
4/25/2013,408.38,31.94,88.07,12.44,59.34
6/7/2012,571.72,29.23,80.69,7.42,57.45
6/8/2012,580.32,29.65,80.84,7.56,58
6/12/2012,576.16,29.29,81.26,7.49,57.84
6/14/2012,571.53,29.34,82.13,7.66,59.25
5/3/2013,449.98,33.49,90.02,12.24,58.92
6/15/2012,574.13,30.02,83.22,7.9,58.9
6/18/2012,585.78,29.84,83.11,7.76,59.42
5/8/2013,463.84,32.99,91.7,13.02,62.51
6/20/2012,585.75,30.93,84.97,8.14,59.6
5/9/2013,456.77,32.66,91.03,12.91,62.01
6/21/2012,577.64,30.135,82.09,7.82,58.34
6/22/2012,582.1,30.7,82.11,7.94,59.07
6/25/2012,570.72,29.84,81.24,7.6,57.69
5/15/2013,428.98,33.85,91.24,13.44,61.61
6/26/2012,572.17,29.99,82.4,7.61,58.8
6/27/2012,574.5,30.17,83.2,7.77,59.29
5/17/2013,433.26,34.87,91.76,13.43,62.84
5/20/2013,442.74,35.06,92.52,13.51,62.56
6/28/2012,569.05,29.91,83.1,7.74,59.6
5/21/2013,439.66,34.85,92.8,13.44,62.87
7/3/2012,599.41,30.76,86.28,8.06,54.88
5/24/2013,445.15,34.27,91.53,13.24,62.06
7/6/2012,606.23,30.2,84.8,7.66,55.82
7/9/2012,613.89,30,83.65,7.56,56.09
7/11/2012,604.43,29.3,84.38,7.63,56.04
7/12/2012,598.9,28.63,84.12,7.48,54.57
7/16/2012,606.95,29.44,85.05,7.81,55.16
7/17/2012,606.94,29.66,85.73,7.92,55.9
7/18/2012,606.26,30.45,86.21,7.53,56.35
7/19/2012,614.49,30.62,86.21,7.26,54.99
6/10/2013,438.89,35.47,91.12,13.3,63.68
7/20/2012,603.7,30.07,85.95,7.07,55.41
6/12/2013,432.19,35,89.74,13.06,63.83
7/24/2012,601.29,29.16,84.53,7.04,54.9
6/13/2013,436,34.72,91.33,13.21,64.15
6/14/2013,430.05,34.4,90.58,13.07,63.8
7/25/2012,574.97,28.83,85.24,7.07,52.48
6/17/2013,432,34.99,91.51,13.21,64.37
7/26/2012,574.88,29.17,86.52,7.17,52.01
7/27/2012,585.45,29.78,87.45,7.31,53.34
7/30/2012,595.03,29.64,87.56,7.28,53.26
6/21/2013,413.68,33.24,89.48,12.69,63.9
8/1/2012,606.81,29.41,86.91,7.22,51.21
8/2/2012,607.79,29.19,85.88,7.18,51.1
6/25/2013,402.63,33.63,89.11,12.67,63.73
8/6/2012,622.55,29.95,87.45,7.64,51
6/27/2013,393.78,34.62,90.04,13.01,66.09
6/28/2013,396.08,34.53,90.35,12.86,65.48
8/7/2012,621.11,30.26,87.92,7.67,52.54
8/8/2012,619.86,30.33,88.28,7.67,52.73
8/9/2012,620.73,30.5,88.2,7.72,52.02
8/10/2012,621.64,30.42,88.44,7.74,51.9
8/13/2012,630,30.4,88.14,7.72,51.9
8/14/2012,631.69,30.14,88.2,7.78,51.97
8/15/2012,630.83,30.2,88,7.87,52.82
8/16/2012,636.34,30.78,88.67,7.93,53.39
7/11/2013,427.24,35.68,93.27,13.51,68.36
8/21/2012,656.225,30.8,87.46,8.19,53.42
7/16/2013,430.29,36.25,93.3,13.92,66.91
8/22/2012,668.87,30.57,87.73,8.22,53.97
7/17/2013,430.31,35.74,93.46,14.31,66.23
7/18/2013,431.69,35.44,94.38,14.76,70.55
8/23/2012,662.36,30.23,87.31,8.15,53.92
8/24/2012,663.35,30.56,88.05,8.16,54.16
8/28/2012,674.8,30.64,88.1,7.96,54.33
8/29/2012,673.63,30.65,87.9,8,54.64
8/30/2012,664.06,30.32,87.2,7.91,54.69
7/25/2013,438.5,31.39,94.97,14.83,72.62
7/26/2013,440.99,31.62,94.79,14.73,72.21
8/31/2012,665.24,30.82,87.3,7.99,54.3
9/4/2012,674.57,30.37,87.12,8,54.56
9/5/2012,670.23,30.39,87.33,7.95,54.28
10/5/2011,378.59,25.91,73.95,5.77,44.45
9/6/2012,676.56,31.36,88.99,8.35,54.89
8/2/2013,462.54,31.88,91.95,14.84,72.26
8/5/2013,469.45,31.7,91.59,14.8,73.34
10/10/2011,388.81,26.94,76.28,6.28,46.52
10/11/2011,400.29,27,76.27,6.37,46.64
10/12/2011,402.19,26.96,77.16,6.58,46.38
10/13/2011,408.43,27.18,76.37,6.22,46.53
9/7/2012,680.5,30.95,89.92,8.8,54.88
8/13/2013,489.57,32.23,89.4,14.51,73.35
8/14/2013,498.5,32.35,88.95,14.6,72.49
10/14/2011,422,27.27,78.11,6.19,47.22
10/17/2011,419.99,26.98,77.47,6.03,46.6
8/16/2013,502.33,31.8,87.91,14.42,71.43
8/19/2013,507.74,31.41,86.92,14.15,71.71
10/18/2011,422.24,27.31,78.89,6.64,45.34
10/24/2011,405.77,27.19,80.17,6.72,49.03
8/23/2013,501.02,34.77,87.52,14.57,72.54
10/25/2011,397.77,26.82,79.44,6.46,48.76
9/24/2012,689.88,30.77,91.88,9.1,55.98
9/25/2012,673.7,30.4,91.79,8.92,56.2
9/27/2012,681.41,30.2,91.8,8.97,56.24
9/28/2012,667.26,29.78,91.45,8.83,55.41
10/1/2012,659.73,29.515,91.8,8.96,56.46
10/3/2012,671.74,29.86,91.7,9.11,56.86
10/4/2012,666.8,30.01,92.22,9.41,57.97
10/5/2012,652.65,29.85,92.55,9.32,57.13
10/8/2012,638.17,29.78,92.68,9.28,57.6
9/11/2013,467.83,32.75,88.84,14.65,75.18
10/12/2012,629.56,29.2,91.03,9.12,57.07
9/13/2013,464.9,32.98,88.4,14.49,74.48
9/16/2013,450.12,32.79,88.67,14.53,75.12
10/15/2012,634.76,29.51,91.51,9.44,57.49
10/16/2012,649.61,29.52,92.38,9.46,56.88
10/17/2012,644.68,29.59,93.39,9.44,55.99
9/19/2013,472.3,33.63,89.28,14.61,70.84
9/20/2013,466.98,32.7,88.66,14.44,70.57
10/19/2012,609.8,28.64,92.15,9.44,55.66
9/24/2013,489.1,32.46,87.36,14.09,72.32
10/22/2012,634.03,28,92.19,9.55,56.54
9/25/2013,481.53,32.49,87.14,14.14,71.98
10/24/2012,616.48,27.89,89.88,9.31,55.92
10/25/2012,609.8,27.88,90.43,9.24,56.21
10/26/2012,604,28.21,90.62,9.12,55.78
10/31/2012,595.1,28.535,91.17,9.32,56
10/2/2013,489.6,33.91,86.08,14.06,72.57
11/1/2012,596.8,29.53,91.6,9.74,56.95
11/2/2012,576.67,29.49,90.27,9.85,56.05
11/5/2012,584.8,29.63,90.63,9.75,55.28
11/8/2012,537.26,28.81,87.05,9.39,53.44
10/10/2013,489.9,33.77,86.04,14.23,73.98
10/11/2013,493,34.1,86.95,14.19,74.27
11/12/2012,542.89,28.24,87.32,9.39,52.2
11/13/2012,542.59,27.06,86.47,9.33,52.19
11/14/2012,536.93,26.83,86.08,8.99,51.25
10/16/2013,501.12,34.64,87.31,14.56,75.19
11/19/2012,566.44,26.75,87.67,9.49,52.91
11/20/2012,561.15,26.71,87.5,9.63,53.14
10/22/2013,519.83,34.58,87.98,14.52,68.86
11/21/2012,561.7,26.95,88.01,9.77,53.53
11/27/2012,584.89,27.08,87.35,9.66,52.59
11/29/2012,589.36,26.95,88.12,9.83,54.36
11/30/2012,585.28,26.62,88.14,9.86,54.39
12/5/2012,538.81,26.68,87.73,10.46,53.84
12/6/2012,547.28,26.74,88,10.45,53.65
11/4/2013,526.75,35.94,92.1,14.04,68.95
12/7/2012,533.08,26.46,88.6,10.64,53.87
11/5/2013,525.62,36.635,91.99,13.93,68.72
11/6/2013,520.86,38.15,93.22,13.96,70.29
12/10/2012,529.77,26.92,88.41,10.57,54.19
11/7/2013,512.51,37.52,91.96,13.8,69.76
11/8/2013,520.6,37.78,92.73,14.32,70.5
12/11/2012,541,27.32,88.99,10.51,54.76
12/12/2012,538.77,27.24,89.45,10.61,55.25
12/13/2012,529.69,27.11,88.58,10.54,54.38
12/14/2012,508.97,26.81,88.08,10.58,54.05
12/17/2012,519.17,27.09,88.87,11,54.36
12/19/2012,526.1,27.31,88.38,11.19,54.49
11/19/2013,519.47,36.74,95.42,15.2,71.61
12/20/2012,521.98,27.68,88.89,11.52,55.46
12/26/2012,513.1,26.87,87.07,11.54,54.22
11/22/2013,519.8,37.57,95.01,15.64,73.74
11/25/2013,523.74,37.64,95.09,15.81,74.07
12/27/2012,515.06,26.96,86.86,11.47,54.44
11/26/2013,533.4,37.35,94.27,15.88,74.52
12/28/2012,509.41,26.55,85.1,11.36,53.86
12/31/2012,533.03,26.73,86.55,11.6,54.24
1/3/2013,542.44,27.28,88.55,11.97,51.99
1/4/2013,527.02,26.78,88.96,12.11,52.09
12/5/2013,567.97,38,94.13,15.43,72.75
1/8/2013,525.21,26.55,88.48,11.98,51.4
1/10/2013,523.68,26.46,89.1,11.78,53.11
1/14/2013,501.75,26.9,89.58,11.47,53.36
1/15/2013,485.92,27.21,89.53,11.55,53.62
1/16/2013,506.09,27.04,89.47,11.78,53.66
1/17/2013,502.68,27.23,90.2,11.28,54.4
1/18/2013,500,27.25,90.8,11.14,54.56
1/22/2013,504.77,27.17,90.92,11.35,56.02
1/28/2013,449.55,27.92,91.11,11.48,55.81
12/23/2013,570.09,36.62,98.51,15.69,74.35
1/30/2013,456.83,27.85,90.67,11.38,56.08
1/31/2013,455.31,27.47,89.97,11.32,55.21
2/1/2013,453.73,27.93,90.04,11.71,55.77
12/30/2013,554.52,37.29,100.31,15.54,74.78
12/31/2013,561.11,37.43,101.2,15.57,75.3
2/5/2013,457.87,27.5,89.74,11.88,57.77
2/6/2013,457.35,27.34,89.79,11.93,57.38
2/8/2013,474.98,27.55,88.61,11.76,57.74
2/11/2013,479.93,27.86,88.28,11.86,57.12
2/13/2013,467.01,28.03,88.67,12.17,57.23
2/14/2013,466.59,28.04,88.52,12.13,57.05
2/15/2013,460.25,28.02,88.36,12.03,57.32
1/13/2014,535.73,34.99,98.55,16.43,73.94
2/19/2013,459.99,28.05,89.32,12.19,56.66
2/20/2013,449.07,27.88,88.97,11.8,55.21
1/17/2014,540.6,36.38,99.16,17.01,72.52
2/25/2013,442.8,27.37,87.7,11.03,53.3
2/26/2013,448.9,27.37,88.51,11.13,53.05
1/22/2014,551.51,35.93,97.88,17.15,73.4
3/4/2013,420.05,28.15,88.95,11.41,53.32
3/5/2013,431.17,28.35,89.61,11.55,53.5
1/28/2014,506.95,36.27,95.65,16.73,71.71
1/29/2014,500.57,36.66,95.11,16.68,71.26
1/30/2014,499.44,36.87,93.99,16.93,72.8
3/8/2013,431.72,28,88.97,12.07,53.81
3/11/2013,437.87,27.88,89.16,12.15,54.21
2/4/2014,508.79,36.35,90.02,16.35,70.51
3/14/2013,432.43,28.14,89.83,12.11,54.73
3/15/2013,443.85,28.07,89.37,12.57,54.73
3/18/2013,455.72,28.1,88.77,12.56,55
3/19/2013,454.49,28.18,88.58,12.71,55.17
3/20/2013,452.08,28.3,88.63,12.78,54.88
2/12/2014,535.92,37.47,91.08,16.75,70.24
2/13/2014,544.43,37.61,91.43,16.75,71.21
2/14/2014,543.99,37.62,94.11,16.7,73.52
3/22/2013,461.83,28.25,89.29,12.56,54.46
2/18/2014,545.99,37.42,94.07,16.47,73.83
3/26/2013,461.08,28.15,90.13,12.28,55.65
2/20/2014,531.15,37.75,95.37,16.3,73.48
3/27/2013,452.08,28.37,90.58,12.23,56.62
3/28/2013,442.63,28.61,90.11,12.18,57.21
4/1/2013,428.91,28.61,90.77,12.15,58.97
2/26/2014,517.35,37.47,95.79,16.33,76.06
4/3/2013,431.85,28.56,89.93,11.81,61.67
2/28/2014,526.24,38.31,96.27,16.53,77.27
4/5/2013,423.17,28.7,89.01,11.97,62.1
4/8/2013,426.21,28.59,88.6,12.21,61.89
3/5/2014,532.36,38.11,93.8,17.25,77.99
4/9/2013,426.98,29.61,88.77,12.25,62.18
4/10/2013,435.69,30.28,88.68,12.32,62.41
3/7/2014,530.44,37.9,94.99,17.33,77.4
4/12/2013,429.8,28.83,88.99,12.17,63.03
3/11/2014,536.09,38.02,94.01,17.27,77.78
3/12/2014,536.61,38.27,94.21,17.28,77.6
4/16/2013,426.24,28.98,86.64,12.28,62.81
3/14/2014,524.67,37.7,93.47,16.8,75.7
4/17/2013,402.8,28.875,86.08,11.7,62.03
3/17/2014,526.74,38.05,94.32,17.11,76.76
4/18/2013,391.96,28.79,86.62,11.44,59.69
3/19/2014,531.26,39.27,93.73,17.44,79.96
3/21/2014,532.87,40.16,94.31,17.56,81.34
4/24/2013,405.66,31.76,89.43,12.31,58.79
4/26/2013,417.11,31.79,88,12.42,59.48
4/29/2013,430.12,32.61,88.21,12.38,60.01
3/27/2014,537.46,39.36,96.24,17.01,81.02
4/30/2013,442.75,33.1,88.99,12.31,59.93
3/28/2014,536.86,40.3,97.7,16.98,81.62
5/1/2013,439.29,32.72,87.51,12.14,59.72
4/1/2014,541.74,41.42,97.73,17.34,81.84
5/2/2013,445.52,33.16,88.63,12.19,59.48
5/6/2013,460.71,33.75,90.58,12.88,60.2
4/4/2014,531.82,39.87,97.36,16.72,81.53
5/7/2013,458.69,33.31,91.15,12.9,60.5
5/10/2013,452.97,32.69,90.14,13.02,62.91
4/9/2014,75.75714286,40.47,97.33,16.62,81.39
4/10/2014,74.78285714,39.36,96.78,16.12,79.99
5/13/2013,454.74,33.03,90.1,12.98,62.39
5/14/2013,443.86,33.52,91.11,13.34,61.73
4/14/2014,74.52571429,39.18,97.86,16,79.18
4/15/2014,73.99285714,39.75,98.68,16.39,79.51
5/16/2013,434.53,34.08,90.7,13.36,62.14
5/22/2013,441.38,34.61,92.19,13.31,62.28
5/23/2013,442.14,34.15,91.79,13.21,62.36
4/23/2014,74.96428571,39.69,100.5,16.37,75.33
5/28/2013,441.44,35.01,92.38,13.35,63.34
5/29/2013,444.95,34.88,92.08,13.48,63.35
4/28/2014,84.87,40.87,101.17,14.95,75.74
5/30/2013,451.59,35.03,92.09,13.83,64.66
5/31/2013,449.68,34.88,90.47,13.66,62.63
5/1/2014,84.49714286,40,101.41,15.09,74.95
6/3/2013,450.72,35.59,91.46,13.55,62.8
6/4/2013,449.31,34.99,90.79,13.36,62.36
5/5/2014,85.85142857,39.43,102.91,15.08,75.23
5/6/2014,84.91571429,39.06,102.67,14.73,75.26
6/5/2013,445.11,34.78,89.65,13.09,61.75
6/6/2013,438.46,34.96,90.23,13.2,61.92
5/8/2014,84.01714286,39.64,102.32,14.93,76.89
6/7/2013,441.96,35.67,91.45,13.38,62.57
6/11/2013,437.6,34.84,90.46,13.12,63.93
5/14/2014,84.83857143,40.24,102.29,14.84,77.17
5/15/2014,84.11714286,39.6,100.78,14.55,76.48
5/16/2014,85.35857143,39.83,100.74,14.51,76.65
6/18/2013,431.77,35.01,91.93,13.27,65.68
6/19/2013,423,34.59,91,13.19,65.26
6/20/2013,416.64,33.5,89.04,12.89,63.8
6/24/2013,402.29,33.71,88.48,12.3,64.65
7/31/2012,610.76,29.47,86.85,7.34,51.09
5/27/2014,89.38714286,40.19,101.36,15.22,79.11
6/26/2013,398.07,34.35,89.8,12.76,64.78
5/30/2014,90.42857143,40.94,100.53,15.14,79.63
7/1/2013,409.22,34.36,90.3,12.93,65.63
7/2/2013,418.51,33.96,90.64,12.9,65.27
7/3/2013,420.8,34.01,90.69,12.83,65.54
7/5/2013,417.42,34.21,91.57,13.06,66.17
7/8/2013,415.05,34.33,92.25,13.28,67.56
7/9/2013,422.12,34.35,93.34,13.53,67.97
7/10/2013,420.73,34.7,92.82,13.37,67.69
6/11/2014,93.86,40.86,101.95,15.59,80.17
7/12/2013,426.51,35.73,93.4,13.78,68
7/15/2013,427.44,36.17,93.25,13.88,67.62
6/17/2014,92.08,41.68,102.42,15.59,78.17
7/19/2013,425,31.395,95.17,14.75,71.45
6/19/2014,91.86,41.51,102.63,15.55,80.51
7/22/2013,426.31,32.01,94.83,14.92,72.18
6/23/2014,90.83,41.99,104.38,15.64,81.49
7/23/2013,418.99,31.82,95.2,14.94,72.69
7/24/2013,440.61,31.96,94.99,14.71,72.53
7/29/2013,447.79,31.54,94.03,14.52,72.79
7/30/2013,453.32,31.85,93.81,14.52,72.27
6/30/2014,92.93,41.7,100.68,15.37,81.75
7/31/2013,452.5,31.83,93.75,14.6,72.85
7/2/2014,93.48,41.9,101.57,15.85,82.49
8/1/2013,456.76,31.69,92.73,14.95,73.16
7/7/2014,95.97,42.01,102.65,15.94,82.22
7/8/2014,95.32,41.78,102.83,15.58,81.93
8/6/2013,465.25,31.58,91.47,14.64,73.24
8/7/2013,464.98,32.06,91.34,14.53,72.92
8/8/2013,461.01,32.89,91.78,14.61,73.18
7/11/2014,95.23,42.09,101.74,15.38,82.87
7/14/2014,96.45,42.14,102.68,15.57,84.27
8/9/2013,454.45,32.7,90.72,14.45,72.93
9/11/2012,660.59,30.79,89.62,9.03,52.8
9/13/2012,683.09,30.97,91.23,9.4,53.89
9/14/2012,691.28,31.21,92.3,9.55,54.25
7/22/2014,94.72,44.83,103.54,15.52,86.05
9/17/2012,699.8,31.21,91.91,9.3,54.48
7/28/2014,99.02,43.97,104.37,15.5,85.75
8/28/2013,490.67,33.02,88.84,14.12,71.54
7/29/2014,98.38,43.885,103.55,15.34,84.27
8/29/2013,491.73,33.55,87.27,14.17,72.44
7/31/2014,95.57,43.16,98.94,15.25,81.05
8/30/2013,487.05,33.4,87.16,14.12,71.74
9/3/2013,488.58,31.88,87.15,14.25,72.56
8/4/2014,95.59,43.37,100.13,15.05,82.27
8/5/2014,95.12,43.08,98.2,15,80.99
9/4/2013,498.76,31.18,87.76,14.32,73.35
9/5/2013,495.27,31.24,87.35,14.37,74.04
8/7/2014,94.48,43.23,98.27,15.12,79.26
9/6/2013,498.22,31.16,87.25,14.36,74.06
9/9/2013,506.18,31.65,88.04,14.48,74.25
9/10/2013,494.65,32.38,87.82,14.61,74.63
9/12/2013,472.69,32.71,87.98,14.48,74.74
8/15/2014,97.98,44.79,99.03,15.22,81.47
9/17/2013,455.18,32.93,88.94,14.55,74.31
9/18/2013,464.65,33.33,89.58,14.71,73.04
8/21/2014,100.58,45.22,99.28,16.16,83.77
9/23/2013,490.73,32.74,87.75,14.14,71.82
9/26/2013,486.22,32.77,87.07,14.08,72.16
8/26/2014,100.89,45.005,99.64,16.33,85.12
9/27/2013,482.75,33.29,86.9,13.9,71.99
9/30/2013,476.75,33.31,86.04,13.8,71.61
10/1/2013,488.03,33.58,86,13.9,72.58
10/3/2013,483.39,33.87,85.5,14,72.52
9/3/2014,98.94,44.96,99.11,16.1,86.79
10/4/2013,483.03,33.88,86.32,14.05,72.99
10/7/2013,487.75,33.33,85.9,13.81,72.17
10/8/2013,480.94,33.01,85.51,13.69,71.48
10/9/2013,486.3,33.07,85.16,13.84,71.38
10/14/2013,496.04,34.45,87.6,14.35,74.72
10/15/2013,498.68,34.49,86.79,14.24,73.87
10/17/2013,504.66,34.93,87.48,14.66,71.37
10/18/2013,508.95,34.99,87.55,14.63,68.76
9/17/2014,101.58,46.52,97.08,16.77,86.99
10/21/2013,521.3,34.99,87.23,14.52,68.2
10/23/2013,524.96,33.77,87.61,14.21,68.01
9/22/2014,101.06,47.06,96.54,17.03,87.77
9/23/2014,102.64,46.56,96.03,17.05,86.59
10/24/2013,531.94,33.73,88.42,14.17,67.61
9/24/2014,101.75,47.08,95.82,17.18,88.21
10/25/2013,526.2,35.73,87.97,14.26,67.62
10/28/2013,529.38,35.6,88.23,14.23,66.94
9/29/2014,100.11,46.44,94.43,17.01,86.51
10/29/2013,517.02,35.52,88.93,14.15,68.08
9/30/2014,100.75,46.36,94.05,17.05,86.25
10/30/2013,524.94,35.54,88.81,14.17,68.01
10/2/2014,99.9,45.76,93.3,16.88,84.9
10/31/2013,522.35,35.35,89.62,13.96,68.26
10/3/2014,99.62,46.09,93.92,17.29,86.02
10/6/2014,99.62,46.09,94.52,17.29,85.09
11/1/2013,520.04,35.51,89.82,14.02,68.63
10/7/2014,98.75,45.53,93.37,16.88,84.19
11/11/2013,519.29,37.6,92.96,14.4,70.5
10/13/2014,99.81,43.65,90.84,16.4,83.95
11/12/2013,520.01,37.36,92.67,14.32,69.95
11/13/2013,520.75,38.16,92.59,14.64,71.01
10/16/2014,96.26,42.74,90.6,16.08,85.39
11/14/2013,528.16,38.03,93.22,14.8,71.44
11/15/2013,525.08,37.88,95.27,14.92,71.87
11/18/2013,518.65,37.2,95.45,14.92,71.68
11/20/2013,515,37.07,94.68,15.14,71.98
11/21/2013,521.01,37.39,94.69,15.59,72.91
11/27/2013,545.96,37.6,93.8,15.83,74.36
11/29/2013,556.07,38.13,93.48,15.82,74.48
10/29/2014,107.34,46.62,94.59,16.99,92.96
12/2/2013,551.23,38.45,93.52,15.73,74.16
10/31/2014,108,46.95,96.71,17.16,95.01
12/3/2013,566.36,38.31,94.39,15.54,73.73
11/3/2014,109.4,47.44,95.26,17.27,94.86
12/4/2013,565,38.94,94.67,15.63,73.65
12/6/2013,560.02,38.36,95.65,15.56,73.5
12/9/2013,566.43,38.67,95.84,15.58,73.72
12/10/2013,565.55,38.11,95.71,15.56,74.05
11/10/2014,108.83,48.89,96.28,17.37,94.75
12/11/2013,561.36,37.61,94.26,15.25,72.14
12/12/2013,560.54,37.22,95.36,15.25,71.01
11/13/2014,112.82,49.61,94.66,17.22,95.9
12/13/2013,554.43,36.69,95.31,15.18,70.48
12/16/2013,557.5,36.88,97.22,15.24,71.06
11/17/2014,113.99,49.46,95.11,17.09,96.47
12/17/2013,554.99,36.54,96.75,15.18,70.73
12/18/2013,550.77,36.58,99.54,15.69,72.38
12/19/2013,544.46,36.26,99.43,15.75,72.39
12/20/2013,548.7,36.77,98.68,15.6,73.35
12/24/2013,567.67,37.08,99.22,15.7,74.13
11/25/2014,117.6,47.47,94.78,17.1,97.9
11/26/2014,119,47.75,94.48,17.11,98.11
12/26/2013,563.9,37.44,100.9,15.65,74.85
11/28/2014,118.93,47.81,90.54,17.04,98.63
12/27/2013,560.09,37.29,101.51,15.67,74.69
1/2/2014,553.13,37.16,99.75,16.1,74.57
1/3/2014,540.98,36.91,99.51,16.41,75.1
1/6/2014,543.93,36.16,99.66,16.66,74.24
1/7/2014,540.13,36.41,101.07,16.5,76.51
1/8/2014,543.46,35.76,100.74,16.58,75.62
12/10/2014,111.95,46.9,88.67,17.38,99.09
1/9/2014,536.47,35.53,99.76,16.83,76.08
1/10/2014,532.94,36.04,100.52,16.77,74.7
1/14/2014,546.39,35.78,99.12,16.77,74.02
12/16/2014,106.745,45.16,86.41,16.72,95.85
1/15/2014,557.37,36.76,98.78,17.15,74.84
1/16/2014,554.25,36.89,98.94,17.08,72.76
1/21/2014,549.07,36.17,98.5,17.01,73.16
1/23/2014,556.18,36.055,96.97,16.86,73.2
1/24/2014,546.07,36.81,94.85,16.45,71.6
1/27/2014,550.5,36.03,94.92,16.31,71.65
1/31/2014,500.6,37.85,92.16,16.75,72.28
2/3/2014,501.53,36.48,90.05,16.35,70.74
2/5/2014,512.59,35.82,89.58,16.4,70.82
2/6/2014,512.51,36.18,89.8,16.69,70.87
2/7/2014,519.95,36.58,90.58,16.82,71.36
2/10/2014,528.99,36.8,89.52,16.72,69.74
2/11/2014,535.96,37.2,90.84,16.88,70.62
2/19/2014,537.37,37.51,93.95,16.2,73.55
1/14/2015,109.8,45.955,89.74,16.04,103.33
2/21/2014,525.25,37.98,95.03,16.29,73.81
2/24/2014,527.55,37.69,96.44,16.53,76.01
1/20/2015,108.72,46.39,91.09,15.26,105.62
2/25/2014,522.06,37.54,96.31,16.34,75.32
2/27/2014,527.67,37.86,95.84,16.49,76.02
1/23/2015,112.98,47.18,90.89,15.73,112
1/26/2015,113.1,47.01,91.76,15.85,111.61
3/3/2014,527.76,37.78,95.5,16.3,77.1
3/4/2014,531.24,38.41,96.52,16.73,78.13
3/6/2014,530.75,38.14,93.76,17.35,77.64
1/30/2015,117.16,40.4,87.42,15.15,106.25
3/10/2014,530.92,37.82,95.5,17.47,77.88
2/3/2015,118.65,41.6,92.25,15.89,107.81
3/13/2014,530.65,37.89,93.64,17.16,77.01
3/18/2014,531.4,39.56,94.71,17.19,78
3/20/2014,528.7,40.33,94.58,17.92,81.53
3/24/2014,539.1,40.49,94.64,17.37,81.28
2/13/2015,127.08,43.87,93.37,16.61,109.44
3/25/2014,544.99,40.34,94.91,17.21,81.1
3/26/2014,539.78,39.79,94.7,17.18,81.54
3/31/2014,536.74,40.99,97.68,17.2,81.99
2/23/2015,133,44.15,89.01,16.2,116.4
4/2/2014,542.55,41.35,97.95,17.23,81.61
2/24/2015,132.17,44.09,89.42,16.38,115.43
4/3/2014,538.79,41.01,97.93,17.15,82.25
4/7/2014,74.78142857,39.82,96.78,16.38,81.08
2/27/2015,128.46,43.85,88.54,15.81,113.63
3/2/2015,129.09,43.88,88.04,16.01,114.4
4/8/2014,74.77714286,39.82,97.45,16.44,80.66
3/4/2015,128.54,43.055,87.18,15.84,113.82
3/5/2015,126.41,43.11,86.74,16,114.79
4/11/2014,74.23,39.19,96.72,15.77,78.95
4/16/2014,74.14428571,40.4,99.94,16.13,78.19
4/17/2014,74.99142857,40.01,100.42,16.15,75.78
3/11/2015,122.24,41.98,84.02,16.11,112.72
4/21/2014,75.88142857,39.94,100.93,16.09,74.95
3/13/2015,123.59,41.38,83.87,16.09,115.25
4/22/2014,75.95571429,39.99,100.37,16.29,75.76
4/24/2014,81.11,39.86,100.01,16.34,76.59
4/25/2014,81.70571429,39.91,100.41,15.95,75.66
3/19/2015,127.495,42.285,84.41,15.61,120.76
3/20/2015,125.9,42.88,84.54,15.84,119.14
4/29/2014,84.61857143,40.51,101.45,15.24,75.2
3/23/2015,127.21,42.855,85.43,15.72,119.04
4/30/2014,84.29857143,40.4,102.41,15.14,75.04
3/25/2015,123.38,41.46,84.86,15.41,116.54
3/26/2015,124.24,41.21,84.32,15.42,116.25
5/2/2014,84.65428571,39.69,102.01,15.25,75.03
5/7/2014,84.61857143,39.4,103.11,14.8,77.91
5/9/2014,83.65,39.54,101.95,14.74,76.95
5/12/2014,84.69,39.97,102.23,15.07,77.74
4/6/2015,127.35,41.545,85.13,15.51,117.7
5/13/2014,84.82285714,40.42,102.36,15.03,78.04
4/8/2015,125.6,41.42,84.06,15.61,118.19
4/9/2015,126.56,41.48,84.65,15.71,118.55
5/19/2014,86.37,39.75,100.87,14.67,77.2
5/20/2014,86.36428571,39.68,100.67,14.53,76.66
4/14/2015,126.3,41.65,86.63,15.82,119.92
5/21/2014,86.61571429,40.35,102.03,14.61,77.72
5/22/2014,86.75714286,40.1,101.5,14.71,78.34
4/16/2015,126.17,42.16,87.73,15.79,121.6
4/17/2015,124.75,41.615,86.93,15.56,118.71
5/23/2014,87.73285714,40.12,101.32,14.72,78.77
5/28/2014,89.14428571,40.01,101.06,15.14,78.58
5/29/2014,90.76857143,40.34,101.27,15.15,79.37
6/2/2014,89.80714286,40.79,99.94,15.26,79.47
4/24/2015,130.28,47.87,86.97,15.64,118.69
4/27/2015,132.65,48.03,87.01,15.56,116.24
6/3/2014,91.07714286,40.29,100.39,15.21,79.88
6/4/2014,92.11714286,40.32,100.04,15.21,80.51
6/5/2014,92.47857143,41.21,100.55,15.43,79.8
6/6/2014,92.22428571,41.48,101.6,15.59,79.93
5/1/2015,128.95,48.655,88.85,16.11,113.2
5/4/2015,128.7,48.24,89.11,16.44,114.56
6/9/2014,93.7,41.27,101.52,15.84,79.76
6/10/2014,94.25,41.11,101.46,15.92,79.81
6/12/2014,92.26,40.58,101.66,15.42,79.44
5/8/2015,127.62,47.75,88.99,16.45,115.68
6/13/2014,91.28,41.23,102.65,15.44,79.18
6/16/2014,92.2,41.5,102.92,15.28,78
6/18/2014,92.18,41.65,102.73,15.65,79.21
5/14/2015,128.95,48.72,86.97,16.52,118.53
6/20/2014,90.91,41.67,103.83,15.45,81.41
6/24/2014,90.28,41.74,102.73,15.49,81.74
5/19/2015,130.07,47.58,86.99,16.77,120.55
6/25/2014,90.36,42.03,102.14,15.47,82.34
6/26/2014,90.9,41.72,102.03,15.41,82.29
6/27/2014,91.98,42.25,101.21,15.33,82
7/1/2014,93.52,41.87,101.36,15.6,81.89
7/3/2014,94.1,41.8,102.26,16.05,83.35
5/29/2015,130.28,46.86,85.2,16.5,120.21
6/1/2015,130.535,47.23,85.13,16.55,119.86
7/9/2014,95.39,41.67,103.55,15.6,82.74
7/10/2014,95.035,41.685,102.57,15.44,82.08
7/15/2014,95.32,42.45,102.39,15.81,83.9
6/5/2015,128.65,46.14,84.28,17.19,116.53
6/8/2015,127.8,45.73,84.85,17.08,116.91
7/16/2014,94.78,44.08,103.77,15.51,83.76
6/9/2015,127.42,45.65,84.58,17.31,116.99
8/12/2013,467.36,32.87,89.89,14.41,72.39
7/17/2014,93.08,44.53,102.31,15.2,85.11
8/15/2013,498.1,31.79,88.16,14.32,71.4
7/18/2014,94.43,44.71,102.73,15.49,85.52
6/17/2015,127.3,45.97,84.73,17.37,119.74
8/20/2013,501.07,31.62,86.83,14.29,72.46
8/21/2013,502.43,31.61,86.42,14.34,71.85
8/22/2013,502.96,32.39,86.98,14.57,71.97
6/23/2015,127.03,45.91,85.07,17.67,122.74
8/26/2013,502.97,34.15,87.09,14.49,72.38
8/27/2013,488.12,33.25,86.82,14.11,71.52
7/30/2014,98.13,43.58,103.25,15.58,82.95
8/1/2014,96.13,42.86,98.8,14.98,81.49
8/6/2014,94.97,42.77,98.98,15.2,81.5
7/2/2015,126.44,44.4,83.14,17.03,121.81
7/6/2015,126,44.39,82.53,16.94,122.16
8/8/2014,94.74,43.2,99.74,15.2,80.12
8/11/2014,95.99,43.2,98.73,15.22,79.87
7/8/2015,122.57,44.24,81.97,16.25,118.78
8/12/2014,95.97,43.52,98.49,15.21,80.22
8/13/2014,97.24,44.08,99.09,15.25,81.51
8/14/2014,97.5,44.27,99.09,15.32,81.82
8/18/2014,99.16,45.11,99.52,15.45,82.34
8/19/2014,100.56,45.33,99.49,15.45,83.47
8/20/2014,100.57,44.95,99.7,15.52,83.43
7/17/2015,129.62,46.62,82.61,18.1,123.85
8/22/2014,101.31,45.16,98.5,16.13,83.78
7/21/2015,130.75,47.28,81.66,18.08,120.86
8/25/2014,101.54,45.17,98.75,16.29,84.24
8/27/2014,102.13,44.87,99.53,16.2,86.38
8/28/2014,102.25,44.88,99.57,16.01,86.34
7/27/2015,122.77,45.35,79.26,17.67,117.88
8/29/2014,102.5,45.43,99.46,16.09,86.68
7/29/2015,122.99,46.29,83.14,18.16,121.52
9/2/2014,103.3,45.09,98.49,16.27,86.39
9/4/2014,98.12,45.26,98.36,16.11,87.06
8/3/2015,118.44,46.81,78.06,17.77,120.89
9/5/2014,98.97,45.91,99.26,16.02,87.75
8/4/2015,114.64,47.54,77.17,17.8,120.84
9/8/2014,98.36,46.47,97.77,16.35,87.91
9/9/2014,97.99,46.76,97.39,16.14,88.56
9/10/2014,101,46.84,96.81,16.36,87.25
9/11/2014,101.43,47,97.03,16.57,87.08
9/12/2014,101.66,46.695,95.78,16.79,86.18
9/15/2014,101.63,46.24,96.29,16.74,86.03
8/13/2015,115.15,46.73,78.65,17.62,120.52
9/16/2014,100.86,46.76,97.43,16.71,87.16
8/17/2015,117.16,47.32,78.77,17.77,123.82
9/18/2014,101.79,46.68,96.61,17.04,87.63
9/19/2014,100.96,47.52,97.12,16.95,87.8
9/25/2014,97.87,46.04,94.25,16.85,86.18
9/26/2014,100.75,46.41,95.43,17.03,86.6
10/1/2014,99.18,45.9,92.86,16.82,84.88
10/8/2014,100.8,46.78,94.61,17.12,86.62
10/9/2014,101.02,45.85,91.82,16.59,84.94
10/10/2014,100.73,44.03,91.6,16.48,85.39
10/14/2014,98.75,43.73,90.55,16.52,82.82
10/15/2014,97.54,43.22,90.22,15.76,82.16
10/17/2014,97.67,43.63,91.21,16.21,88.18
10/20/2014,99.76,44.08,91.77,16.26,88.54
10/21/2014,102.47,44.88,93.65,16.6,90.95
10/22/2014,102.99,44.38,93.13,16.4,89.77
10/23/2014,104.83,45.02,94.11,16.6,90.66
9/16/2015,116.41,44.3,74.3,16.33,121.15
10/24/2014,105.22,46.13,94.49,16.72,91.64
10/27/2014,105.11,45.91,93.71,16.59,92.13
10/28/2014,106.74,46.49,95.1,16.8,92.64
9/22/2015,113.4,43.9,72.74,15.57,122.93
10/30/2014,106.98,46.05,94.45,17.03,93.88
9/23/2015,114.32,43.87,72.3,15.72,123.28
9/24/2015,115,43.91,72.73,15.55,121.09
11/4/2014,108.6,47.57,94.52,17.21,94.98
11/5/2014,108.86,47.86,95.07,17.34,95.8
9/29/2015,109.06,43.44,72.97,15.35,114.22
11/6/2014,108.7,48.7,96.26,17.36,96.21
11/7/2014,109.01,48.68,96.59,17.36,93.61
10/2/2015,110.38,45.57,75.88,15.38,118.83
11/11/2014,109.7,48.87,96.41,17.32,95.69
11/12/2014,111.25,48.78,95.38,17.29,95.68
11/14/2014,114.18,49.58,95.09,17.14,95.11
10/8/2015,109.5,47.45,80.03,15.75,116.08
10/9/2015,112.12,47.11,79.26,15.58,119.27
11/18/2014,115.47,48.74,94.87,17.14,98.19
11/19/2014,114.67,48.22,95.61,17.06,96.86
11/20/2014,116.31,48.7,95.82,17,96.85
10/15/2015,111.86,47.01,81.48,16.19,120.17
11/21/2014,116.47,47.98,96.81,17.12,96.71
11/24/2014,118.625,47.59,95.72,17.18,96.9
10/21/2015,113.76,47.2,80.21,15.9,118.11
12/1/2014,115.07,48.62,92.35,16.79,99.06
12/2/2014,114.63,48.46,94.19,17.15,99.83
12/3/2014,115.93,48.08,94.95,17.29,100.8
12/4/2014,115.49,48.84,94.37,17.21,99.67
12/5/2014,115,48.42,93.82,17.68,100.33
12/8/2014,112.4,47.695,91.7,17.66,99.92
12/9/2014,114.12,47.59,91.38,17.56,101.02
12/11/2014,111.62,47.17,89.2,17.47,99.73
12/12/2014,109.73,46.95,86.6,17.13,98.76
11/4/2015,122,54.4,85.98,17.01,114.64
12/15/2014,108.225,46.67,86.9,16.85,98.27
12/17/2014,109.41,45.74,89.02,17.26,99.14
11/9/2015,120.57,54.16,81.95,17.68,114.26
12/18/2014,112.65,47.52,91.16,17.53,102.24
11/10/2015,116.77,53.51,82.35,17.85,115.89
12/19/2014,111.78,47.66,93.64,17.62,102.49
12/22/2014,112.94,47.98,93.33,17.71,103.04
12/23/2014,112.54,48.45,94.59,17.93,102.85
12/24/2014,112.01,48.14,93.78,17.98,102.68
11/17/2015,113.69,52.97,79.96,17.42,114.39
12/26/2014,113.99,47.88,93.21,17.98,102.55
12/29/2014,113.91,47.45,93.07,18.11,102.33
12/30/2014,112.52,47.02,93.02,18.13,102.85
11/20/2015,119.3,54.19,79.79,17.65,112.97
12/31/2014,110.38,46.45,92.45,17.89,101.09
1/2/2015,109.33,46.76,92.83,17.9,100.78
1/5/2015,106.25,46.325,90.29,17.38,99.12
11/27/2015,117.81,53.93,81.23,17.48,114.34
1/6/2015,106.26,45.65,89.81,16.86,98.92
11/30/2015,118.3,54.35,81.66,17.43,112.71
1/7/2015,107.75,46.23,90.72,16.94,99.93
12/2/2015,116.28,55.21,79.55,17.62,117.64
1/8/2015,111.89,47.59,92.23,17.29,104.7
12/3/2015,115.2,54.2,78.41,17.3,115
1/9/2015,112.01,47.19,92.1,16.98,103.72
1/12/2015,109.25,46.6,90.33,16.68,102.55
1/13/2015,110.22,46.355,90,16.45,103.07
1/15/2015,106.82,45.48,88.96,15.2,104.46
1/16/2015,105.99,46.24,91.12,15.38,105.77
1/21/2015,109.55,45.92,91.87,15.41,109.32
12/15/2015,110.49,55.2,79.43,17.42,117.61
1/22/2015,112.4,47.13,92.87,16.09,113.85
1/27/2015,109.14,42.66,90.95,15.63,110.01
1/28/2015,115.31,41.19,87.95,15.2,108.46
1/29/2015,118.9,42.01,87.58,15.43,109.39
12/22/2015,107.23,55.35,77.65,17.08,117.44
2/2/2015,118.63,41.28,89.58,15.46,107.29
2/4/2015,119.56,41.84,91.46,15.79,107.92
12/29/2015,108.74,56.55,79.16,17.28,119.82
2/5/2015,119.94,42.45,92.36,15.97,108.82
2/6/2015,118.93,42.41,91.5,16.49,107.6
12/31/2015,105.26,55.48,77.95,16.83,117.64
1/4/2016,105.35,54.8,77.46,16.43,116.46
2/9/2015,119.72,42.36,91.56,16.35,106.49
2/10/2015,122.02,42.6,91.01,16.42,108.97
2/11/2015,124.88,42.38,90.6,16.36,109.85
2/12/2015,126.46,43.09,92.37,16.67,109.84
1/8/2016,96.96,52.33,74.69,15.2,110.16
2/17/2015,127.83,43.58,93.05,16.63,109.76
2/18/2015,128.715,43.53,91.01,16.3,109.77
2/19/2015,128.45,43.5,89.44,16.21,110.03
1/14/2016,99.52,53.11,79.12,14.99,110.76
1/15/2016,97.13,50.99,77.58,14.46,109.27
2/20/2015,129.495,43.855,89.92,16.38,112.62
2/25/2015,128.79,43.99,89.6,16.49,114.05
1/21/2016,96.3,50.48,74.1,13.36,113.5
2/26/2015,130.415,44.055,88.65,16.04,113.66
3/3/2015,129.36,43.28,87.62,16.04,112.86
3/6/2015,126.6,42.36,85.63,16.22,112.88
3/9/2015,127.14,42.85,85.16,16.17,114.9
3/10/2015,124.51,42.03,84.26,15.79,112.46
3/12/2015,124.45,41.02,84.22,16.09,114.88
2/3/2016,96.35,52.16,78.48,13.03,112.75
3/16/2015,124.95,41.56,84.76,16.13,118.52
3/17/2015,127.04,41.695,84.08,16.09,117.6
3/18/2015,128.47,42.5,86.07,15.98,119.96
3/24/2015,126.69,42.9,84.52,15.61,118.12
3/27/2015,123.25,40.97,83.58,15.31,118.01
3/30/2015,126.37,40.96,85.63,15.52,121
2/17/2016,98.12,52.42,82,12.56,118.3
3/31/2015,124.43,40.655,85,15.39,118.29
4/1/2015,124.25,40.72,84.46,15.41,117.45
4/2/2015,125.32,40.29,84.3,15.54,117.36
2/23/2016,94.69,51.18,81.23,12.16,121.15
4/7/2015,126.01,41.53,85.75,15.46,117.35
2/25/2016,96.76,52.1,82.01,12.32,121.2
4/10/2015,127.1,41.72,85.56,15.72,119
2/29/2016,96.69,50.88,80.15,12.52,119.1
3/1/2016,100.53,52.58,81.28,13.19,121.67
4/13/2015,126.85,41.76,85.34,15.8,119.37
4/15/2015,126.78,42.255,88.08,15.64,117.32
4/20/2015,127.6,42.905,87.24,15.57,118.58
4/21/2015,126.91,42.635,86.88,15.5,119.28
4/22/2015,128.62,42.985,87.46,15.74,117.81
3/10/2016,101.17,52.05,82.18,13.27,122.09
4/23/2015,129.67,43.34,87.54,15.69,118.26
3/11/2016,102.26,53.07,82.19,13.79,125.1
4/28/2015,130.56,49.155,87.8,15.65,117.59
4/29/2015,128.64,49.06,87.87,15.98,113.61
4/30/2015,125.15,48.64,87.37,15.93,111.4
5/5/2015,125.8,47.6,88.61,16.35,113.37
3/22/2016,106.72,54.07,84.12,13.76,128.02
5/6/2015,125.01,46.28,88.19,16.29,113.49
5/7/2015,125.26,46.7,87.6,16.24,114.76
3/24/2016,105.67,54.21,83.98,13.68,128.59
5/11/2015,126.32,47.37,86.78,16.49,114.77
5/12/2015,125.865,47.35,87.02,16.43,114.64
5/13/2015,126.01,47.625,86.56,16.47,115.86
4/1/2016,109.99,55.57,82.96,13.56,129.92
5/15/2015,128.77,48.295,87.35,16.35,119.33
5/18/2015,130.19,48.01,86.85,16.51,119.8
5/20/2015,130.06,47.58,87.13,16.74,121.24
4/7/2016,108.54,54.46,82.37,12.85,126.87
5/21/2015,131.39,47.42,87.21,16.73,120.46
5/22/2015,132.54,46.9,86.52,16.75,119.59
5/26/2015,129.62,46.59,85.35,16.5,118.24
4/12/2016,110.44,54.65,84.35,13.27,126.8
5/27/2015,132.045,47.61,85.11,16.74,119.45
4/14/2016,112.1,55.36,85.43,14.14,127.98
5/28/2015,131.78,47.45,85.11,16.67,119.62
6/3/2015,130.12,46.85,84.95,16.93,118.35
6/4/2015,129.36,46.36,84.22,16.78,116.65
6/10/2015,128.88,46.61,85.21,17.59,118.55
6/11/2015,128.59,46.44,85.09,17.49,119.32
6/12/2015,127.17,45.97,84.02,17.49,117.65
7/21/2014,93.95,44.835,103.08,15.52,85.06
4/28/2016,94.83,49.9,88.03,14.79,132.07
4/29/2016,93.74,49.87,88.4,14.56,131.68
7/23/2014,97.19,44.87,104.25,15.52,85.94
5/3/2016,95.18,49.78,88.11,14.36,132.46
7/24/2014,97.03,44.4,104.28,15.62,85.68
5/4/2016,94.19,49.87,87.94,14.13,132.03
5/5/2016,93.24,49.94,88.04,14.05,132.31
7/25/2014,97.69,44.5,103.18,15.59,84.68
5/6/2016,92.72,50.39,88.51,14.11,132.04
5/10/2016,93.42,51.02,89.99,14.3,133.57
6/26/2015,126.75,45.26,83.86,17.41,123.25
5/11/2016,92.51,51.05,88.81,14.2,130.69
6/29/2015,124.53,44.37,82.82,16.89,121.19
5/12/2016,90.34,51.51,89.67,14.14,129.74
5/13/2016,90.52,51.08,88.66,13.88,129
6/30/2015,125.425,44.15,83.2,17.02,122
7/1/2015,126.6,44.445,82.37,17.22,123.38
5/18/2016,94.56,50.81,89.35,14.69,130.51
7/7/2015,125.69,44.3,82.87,16.69,120.7
5/20/2016,95.22,50.62,89.74,14.52,130.94
7/9/2015,120.07,44.52,81.6,16.48,119.34
5/24/2016,97.9,51.59,89.67,14.68,132.59
7/10/2015,123.28,44.61,82.22,16.7,122.15
7/13/2015,125.66,45.54,82.42,17.02,122.45
7/14/2015,125.61,45.62,83.11,17.13,125
7/15/2015,126.82,45.76,82.76,17.68,125.86
7/16/2015,128.51,46.66,82.91,17.95,124.93
7/20/2015,132.07,46.92,81.76,18.12,122.65
7/22/2015,125.22,45.54,81.79,18.45,120.61
7/23/2015,125.16,46.11,81.14,18.18,119.33
7/24/2015,124.5,45.94,79.94,17.9,117.94
6/8/2016,98.94,52.04,90.79,14.43,140.4
6/9/2016,99.65,51.62,90.67,14.19,140.68
7/28/2015,123.38,45.34,82.48,17.88,121.52
7/30/2015,122.37,46.88,83.01,18.13,120.56
7/31/2015,121.3,46.7,79.21,17.88,121.4
8/5/2015,115.4,47.58,77.17,17.87,123.92
8/6/2015,115.13,46.62,78.09,17.81,122.04
8/7/2015,115.52,46.74,76.83,17.75,121.82
6/21/2016,95.91,51.19,91.53,13.62,138.19
8/10/2015,119.72,47.33,78.75,18.04,122.48
8/11/2015,113.49,46.41,77.49,17.79,122.26
8/12/2015,115.24,46.74,78.79,17.52,121.2
8/14/2015,115.96,47,78.36,17.7,121.02
6/29/2016,94.4,50.54,92.46,13.19,140.52
8/18/2015,116.5,47.27,77.9,17.69,125.5
6/30/2016,95.6,51.17,93.74,13.27,141.2
8/19/2015,115.01,46.61,76.23,17.46,123.22
8/20/2015,112.65,45.66,74.57,16.72,119.79
8/21/2015,105.76,43.07,72.13,16.1,116.28
7/7/2016,95.94,51.38,92.96,13.01,140.8
8/24/2015,103.12,41.68,68.72,15.29,110.43
8/25/2015,103.74,40.47,68.71,15.26,109.98
8/26/2015,109.69,42.71,72.5,16.06,113.46
7/12/2016,97.42,53.21,94.95,13.54,139.86
7/13/2016,96.87,53.51,94.88,13.44,141.48
8/27/2015,112.92,43.9,74.85,16.44,117.77
8/28/2015,113.29,43.93,75.07,16.36,117.28
8/31/2015,112.76,43.52,75.24,16.34,115.7
9/1/2015,107.72,41.82,72.08,15.58,112.63
9/2/2015,112.34,43.36,73.23,15.85,114.23
9/3/2015,110.37,43.5,73.79,15.94,113.99
9/4/2015,109.27,42.61,72.46,15.65,112.36
7/22/2016,98.66,56.57,94.01,14.38,143.69
9/8/2015,112.31,43.89,73.5,16.16,116.09
9/9/2015,110.15,43.07,72,15.9,115.08
7/27/2016,102.95,56.19,90.91,14.63,141.68
9/10/2015,112.57,43.29,72.52,16.04,116.77
7/28/2016,104.34,56.21,90.2,14.68,142.76
7/29/2016,104.21,56.68,88.95,14.49,143.2
9/11/2015,114.21,43.48,72.69,16.04,118.7
9/14/2015,115.31,43.04,72.49,15.96,117.8
8/2/2016,104.48,56.58,87.04,14.13,143.17
8/3/2016,105.79,56.97,87.49,14.48,142.88
9/15/2015,116.28,43.98,72.86,16.31,120.03
8/5/2016,107.48,57.96,87.56,15.05,142.99
9/17/2015,113.92,44.25,74.46,15.86,123.26
9/18/2015,113.45,43.48,72.68,15.56,122.47
9/21/2015,115.21,44.11,73.39,15.7,123.94
8/11/2016,107.93,58.3,86.72,14.88,142.63
8/12/2016,108.18,57.94,87.85,14.91,142.88
8/15/2016,109.48,58.12,87.81,15.02,141.62
9/25/2015,114.71,43.94,73.23,15.89,116.37
8/16/2016,109.38,57.44,87.92,15.17,141.08
8/17/2016,109.22,57.56,88.11,15.15,141.71
9/28/2015,112.44,43.29,72.6,15.47,112.7
8/19/2016,109.36,57.62,87.8,15.22,142.04
9/30/2015,110.3,44.26,74.35,15.58,116.01
8/22/2016,108.51,57.67,87.99,15.18,142.09
8/23/2016,108.85,57.89,87.72,15.35,142.01
10/1/2015,109.58,44.61,74.06,15.55,116.61
10/5/2015,110.78,46.63,76.81,15.69,119.65
8/26/2016,106.94,58.03,87.27,15.79,136.62
10/6/2015,111.31,46.75,77.89,15.69,116.05
10/7/2015,110.78,46.8,79.2,15.75,116.43
10/12/2015,111.6,47,79.3,15.52,122.51
9/1/2016,106.73,57.59,86.84,15.98,135.74
9/2/2016,107.73,57.67,87.42,16,136.61
10/13/2015,111.79,46.89,79.16,15.52,123.99
9/6/2016,107.7,57.61,88.57,15.78,135.97
10/14/2015,110.21,46.68,80.16,15.64,122.07
10/16/2015,111.04,47.51,82.48,16.12,119.98
10/19/2015,111.73,47.62,80.99,16.14,120.73
10/20/2015,113.77,47.77,80.83,16.2,120.42
10/22/2015,115.5,48.03,82.89,16.16,113.81
10/23/2015,119.08,52.87,82.98,16.52,115.92
9/16/2016,114.92,57.25,84.03,15.49,138.47
10/26/2015,115.28,54.25,81.22,16.51,116.53
10/27/2015,114.55,53.69,81.09,16.4,119.37
10/28/2015,119.27,53.98,82.28,17.28,119.78
10/29/2015,120.53,53.36,82.23,17.09,119.71
10/30/2015,119.5,52.64,82.74,16.78,117.78
11/2/2015,121.18,53.24,85.28,17.06,118.69
11/3/2015,122.57,54.15,86.85,17.18,117.66
11/5/2015,120.92,54.38,84.81,17.31,116.23
9/29/2016,112.18,57.4,86.46,15.16,138.32
11/6/2015,121.06,54.92,84.47,17.95,114.81
11/11/2015,116.11,53.65,81.62,17.75,114.54
10/4/2016,113,57.24,86.25,15.8,138.16
10/5/2016,113.05,57.64,87,16.11,137.6
11/12/2015,115.72,53.32,79.41,17.37,112.82
11/13/2015,112.34,52.84,78.1,17.2,111.41
11/16/2015,114.175,53.765,80.9,17.43,113.82
10/11/2016,116.3,57.19,87.74,16.11,134.75
11/18/2015,117.29,53.85,80.74,17.84,117.25
11/19/2015,118.78,53.94,80.3,17.69,110.63
11/23/2015,117.75,54.19,80.28,17.47,112.16
11/24/2015,118.88,54.25,81.88,17.47,113.19
11/25/2015,118.03,53.69,81.25,17.44,114.41
12/1/2015,117.34,55.22,81.89,17.81,116.26
10/21/2016,116.6,59.66,86.62,16.67,145.37
12/4/2015,119.03,55.91,78.86,17.8,117.74
10/25/2016,118.25,60.99,86.72,16.72,143.78
12/7/2015,118.28,55.81,76.8,17.54,115.91
10/27/2016,114.48,60.1,86.92,16.91,141.94
12/8/2015,118.23,55.79,74.63,17.19,115.88
12/9/2015,115.62,54.98,75.63,17.1,115.05
12/10/2015,116.17,55.27,75.69,17.2,116.21
12/11/2015,113.18,54.06,74.34,16.73,115.98
11/2/2016,111.59,59.43,83.45,16.48,138.98
12/14/2015,112.48,55.14,76.03,16.8,115.85
12/16/2015,111.34,56.13,79.15,17.75,118.83
12/17/2015,108.98,55.7,77.96,17.3,119.22
12/18/2015,106.03,54.13,77.28,16.76,115.82
11/9/2016,110.88,60.17,86.25,17.97,141.9
11/10/2016,107.79,58.7,87.05,18.76,146.13
12/21/2015,107.33,54.83,77.26,16.97,117.41
11/11/2016,108.43,59.02,85.67,19.02,146.42
12/23/2015,108.61,55.82,80.19,17.34,118.69
12/24/2015,108.03,55.67,79.33,17.27,118.34
12/28/2015,106.82,55.95,78.74,17.13,118.33
12/30/2015,107.32,56.31,78.11,17.05,118.92
1/5/2016,102.71,55.05,78.12,16.43,116.68
1/6/2016,100.7,54.05,77.47,16.08,115.49
1/7/2016,96.45,52.17,76.23,15.5,112.09
1/11/2016,98.53,52.3,73.69,15.31,109.58
1/12/2016,99.96,52.78,75.2,15.31,112.26
1/13/2016,97.39,51.64,75.65,14.9,109.23
12/2/2016,109.9,59.25,87.04,21.23,160.73
1/19/2016,96.66,50.56,76.4,14.24,112.58
1/20/2016,96.79,50.79,73.18,13.69,114.79
1/22/2016,101.42,52.29,76.57,13.56,114.33
12/8/2016,112.12,61.01,88.32,22.95,159.32
12/9/2016,113.95,61.97,89,23.09,160.12
1/25/2016,99.44,51.79,73.98,12.96,113.38
1/26/2016,99.99,52.17,76.7,13.31,113.96
12/13/2016,115.19,62.98,92.58,22.61,160.54
1/27/2016,93.42,51.22,75.29,13.36,112.33
1/28/2016,94.09,52.055,76.99,13.53,111.38
1/29/2016,97.34,55.09,77.85,14.14,115.16
2/1/2016,96.43,54.71,76.29,13.96,115.89
12/20/2016,116.95,63.54,90.43,22.71,161.59
12/21/2016,117.06,63.54,90.28,22.63,161.33
2/2/2016,94.48,53,74.59,13.23,113.88
12/23/2016,116.52,63.24,90.71,22.6,163.03
2/4/2016,96.6,52,79.83,13.25,114.2
2/5/2016,94.02,50.16,80.08,12.95,111.72
12/28/2016,116.76,62.99,90.3,22.33,161.44
2/8/2016,95.01,49.41,81.16,12.27,110.02
12/30/2016,115.82,62.14,90.26,22.1,160.04
2/9/2016,94.99,49.28,80.08,12.2,111.16
2/10/2016,94.27,49.71,79.35,11.98,112.74
2/11/2016,93.7,49.69,79.6,11.16,110.62
1/5/2017,116.61,62.3,88.55,22.68,162.18
2/12/2016,93.99,50.5,81.03,11.95,111.82
2/16/2016,96.64,51.09,81.22,12.25,115.15
2/18/2016,96.26,52.19,82.45,12.24,117.45
2/19/2016,96.04,51.82,82.5,12.13,117.68
2/22/2016,96.88,52.65,82.39,12.54,121.27
2/24/2016,96.1,51.36,81.52,12.13,120.2
1/18/2017,119.99,62.5,86.28,22.63,157.74
1/19/2017,119.78,62.3,84.73,22.53,158.7
2/26/2016,96.91,51.3,81.75,12.7,121.33
3/2/2016,100.75,52.95,82.7,13.41,121.27
1/24/2017,119.97,63.52,85.09,22.95,160.43
3/3/2016,101.5,52.35,82.4,13.5,121.82
3/4/2016,103.01,52.03,82.29,13.54,121.8
1/27/2017,121.95,65.78,85.51,23.36,162.99
3/7/2016,101.87,51.03,84.46,13.53,121.76
3/8/2016,101.03,51.65,82.63,13.06,121.66
1/31/2017,121.35,64.65,83.89,22.64,162.1
3/9/2016,101.12,52.84,82.4,13.14,121.1
2/2/2017,128.53,63.17,83.45,22.72,160.76
3/14/2016,102.52,53.17,82.41,13.64,125.22
3/15/2016,104.58,53.59,82.82,13.57,124.85
2/7/2017,131.53,63.43,82.77,22.9,160.53
2/8/2017,132.04,63.34,81.48,22.67,160.31
3/16/2016,105.97,54.35,82.87,13.31,124.9
2/9/2017,132.42,64.06,81.84,23.12,160.44
3/17/2016,105.8,54.66,84.1,13.4,124.53
3/18/2016,105.92,53.49,84.2,13.79,126.72
2/14/2017,135.02,64.57,82.82,24.06,163.13
3/21/2016,105.91,53.86,83.62,13.84,126.74
2/15/2017,135.51,64.53,83.16,24.58,164.29
3/23/2016,106.13,53.97,83.75,13.62,129.79
2/17/2017,135.72,64.62,81.76,24.52,157.62
3/28/2016,105.19,53.54,84.22,13.62,128.92
2/22/2017,137.11,64.36,80.93,24.79,160.57
3/29/2016,107.68,54.71,84.53,13.42,129.83
3/30/2016,109.56,55.05,84.52,13.48,129.68
2/27/2017,136.93,64.23,81.54,24.57,165.38
3/31/2016,108.99,55.23,83.59,13.52,128.9
4/4/2016,111.12,55.43,83.16,13.51,129.49
3/2/2017,138.96,64.01,83.3,25.23,167.31
4/5/2016,109.81,54.56,82.21,13.19,127.04
4/6/2016,110.96,55.12,83.31,13.27,128.03
3/6/2017,139.34,64.27,82.83,25.25,168.7
4/8/2016,108.66,54.42,83.21,12.88,125.68
4/11/2016,109.02,54.31,83.32,12.97,126.33
3/10/2017,139.14,64.93,81.61,25.31,169.98
4/13/2016,112.04,55.35,84.83,13.79,127.76
3/14/2017,138.99,64.41,80.99,25.32,169.06
4/15/2016,109.85,55.65,84.97,14,127.33
3/15/2017,140.46,64.75,82,25.18,171.78
4/18/2016,107.48,56.46,85.78,14.17,127.81
4/19/2016,106.91,56.39,86.21,14.45,130.5
6/2/2015,129.96,46.92,85.14,16.72,117.75
4/20/2016,107.13,55.59,86.8,14.93,133.93
4/21/2016,105.97,55.78,86.79,14.9,132.96
4/22/2016,105.68,51.78,87.53,15.11,134.13
4/25/2016,105.08,52.11,87.33,14.96,133.78
4/26/2016,104.35,51.44,87.63,15.09,134.24
4/27/2016,97.82,50.94,88.46,15.02,132.8
6/15/2015,126.92,45.475,83.72,17.47,118.98
3/30/2017,143.93,65.71,83.7,23.87,164.99
3/31/2017,143.66,65.86,82.01,23.59,164.01
6/16/2015,127.6,45.83,84.68,17.55,121.55
5/2/2016,93.64,50.61,89.13,14.77,132.1
4/5/2017,144.02,65.56,82.53,23.17,165.37
6/18/2015,127.88,46.72,85.48,17.38,120.89
6/19/2015,126.6,46.1,85.21,17.17,120.33
4/10/2017,143.17,65.53,83.13,23.02,165.48
4/11/2017,141.63,65.48,82.84,22.92,165.83
6/22/2015,127.61,46.23,85.17,17.47,120.25
4/12/2017,141.8,65.23,82.97,22.65,165.56
4/13/2017,141.05,64.95,81.69,22.34,164.96
6/24/2015,128.11,45.635,84.68,17.49,119.17
4/18/2017,141.2,65.39,81.05,22.71,168.59
6/25/2015,127.5,45.65,83.93,17.37,122.33
5/16/2016,93.88,51.83,89.57,13.93,130.64
5/17/2016,93.49,50.51,89.53,14.01,129.56
5/19/2016,94.2,50.32,90.11,14.53,130
5/23/2016,96.43,50.03,89.6,14.47,130.42
5/25/2016,99.62,52.12,90.26,14.92,133.42
5/26/2016,100.41,51.89,89.8,14.7,132.98
5/27/2016,100.35,52.32,90.01,14.88,134
5/3/2017,147.06,69.08,82.7,23.77,172.54
5/4/2017,146.53,68.81,81.64,23.85,174.02
5/31/2016,99.86,53,89.02,14.79,133.67
6/1/2016,98.46,52.85,89.24,14.86,134.53
6/2/2016,97.72,52.48,88.53,14.94,136.04
5/9/2017,153.99,69.04,82.31,23.98,173.24
5/10/2017,153.26,69.31,81.91,24.15,173.39
6/3/2016,97.92,51.79,88.37,14.42,136.84
6/6/2016,98.63,52.13,89.34,14.52,138.15
6/7/2016,99.03,52.1,90.71,14.35,136.94
6/10/2016,98.83,51.48,89.98,13.83,139.24
6/13/2016,97.34,50.14,90.59,13.6,138.09
6/14/2016,97.46,49.83,90.43,13.26,137.87
5/19/2017,153.06,67.69,81.93,23.05,172.59
6/15/2016,97.14,49.69,90.16,13.34,137.26
6/16/2016,97.55,50.39,91.22,13.31,138.66
6/17/2016,95.33,50.13,90.72,13.4,137.69
5/25/2017,153.87,69.62,81.75,23.25,178.05
6/20/2016,95.1,50.07,91.12,13.54,138.52
6/22/2016,95.55,50.99,91.17,13.61,137.9
6/23/2016,96.1,51.91,91.8,14.04,139.19
6/1/2017,153.18,70.1,80.7,22.63,179.58
6/24/2016,93.4,49.83,89.39,13,137.29
6/2/2017,155.45,71.76,79.5,22.45,179.39
6/27/2016,92.04,48.43,88.86,12.18,137.11
6/6/2017,154.45,72.52,81.21,22.23,180.82
6/28/2016,93.59,49.44,90.91,12.7,138.71
6/7/2017,155.37,72.39,80.91,22.6,183.21
7/1/2016,95.89,51.16,93.84,13.1,140.86
7/5/2016,94.99,51.17,93.02,12.74,141.56
6/13/2017,146.59,70.65,82.96,23.77,181.05
7/6/2016,95.53,51.38,94.09,12.86,142.38
6/14/2017,145.16,70.27,82.07,23.76,182.36
7/8/2016,96.68,52.3,93.54,13.17,141.27
7/11/2016,96.98,52.59,93.89,13.21,140.32
6/20/2017,145.01,69.91,82.31,23.49,183.27
6/21/2017,145.87,70.27,81.44,23.13,184.92
7/14/2016,98.79,53.74,94.95,13.65,140.84
7/15/2016,98.78,53.7,95.12,13.66,141.33
7/18/2016,99.83,53.96,94.82,14.11,140.75
7/19/2016,99.87,53.09,94.47,14.26,142.59
7/20/2016,99.96,55.91,93.93,14.4,143.02
7/21/2016,99.43,55.8,93.85,14.27,142.87
7/25/2016,97.34,56.73,92.2,14.37,141.73
7/3/2017,143.5,68.17,82.1,24.68,186.65
7/26/2016,96.67,56.76,91.53,14.53,141.7
7/5/2017,144.09,69.08,80.85,24.92,188.25
7/7/2017,144.18,69.46,80.22,24.83,187.96
8/1/2016,106.05,56.58,85.86,14.33,143.51
8/4/2016,105.87,57.39,87.48,14.48,142.71
7/13/2017,147.77,71.77,80.97,24.62,185.48
8/8/2016,108.37,58.06,88.59,15.13,142.13
8/9/2016,108.81,58.2,88.7,15.19,141.82
8/10/2016,108,58.02,86.41,14.81,142.19
7/21/2017,150.27,73.79,80.12,23.8,191.78
8/18/2016,109.08,57.6,88.91,15.16,142.17
8/24/2016,108.03,57.95,88.02,15.4,139.87
8/25/2016,107.57,58.17,87.46,15.53,137.3
7/28/2017,149.5,73.04,79.6,24.03,191.15
8/29/2016,106.82,58.1,87.84,15.84,137.27
8/30/2016,106,57.89,87.52,16.19,136.87
8/31/2016,106.1,57.46,87.14,16.14,136.05
8/4/2017,156.39,72.68,80.21,24.97,194.88
9/7/2016,108.36,57.66,88.24,15.7,134.99
9/8/2016,105.52,57.43,89.05,15.86,135.44
9/9/2016,103.13,56.21,86.84,15.74,133.62
9/12/2016,105.44,57.05,87.29,15.9,135.53
9/13/2016,107.95,56.53,85.21,15.72,133.95
9/14/2016,111.77,56.26,84.6,15.63,133.69
8/15/2017,161.6,73.22,78.04,24.47,194.5
9/15/2016,115.57,57.19,85.08,15.67,135.61
9/19/2016,113.58,56.93,83.83,15.59,137.68
8/18/2017,157.5,72.49,76.64,23.62,190.82
9/20/2016,113.57,56.81,82.54,15.6,137.47
9/21/2016,113.55,57.76,83.3,15.65,139.91
9/22/2016,114.62,57.82,83.54,15.6,141.04
9/23/2016,112.71,57.43,83.45,15.52,140.51
8/25/2017,159.86,72.82,76.72,23.77,194.36
9/26/2016,112.88,56.9,83.06,15.09,139.72
9/27/2016,113.09,57.95,83.24,15.29,140.79
8/29/2017,162.91,73.05,76.45,23.58,196.73
9/28/2016,113.95,58.03,86.9,15.38,140.41
8/31/2017,164,74.77,76.33,23.89,198.9
9/1/2017,164.05,73.94,76.57,24.09,199.75
9/30/2016,113.05,57.6,87.28,15.65,140
10/3/2016,112.52,57.42,87.05,15.63,138.49
10/6/2016,113.89,57.74,87.04,16.22,136.47
10/7/2016,114.06,57.8,86.74,16.13,136.66
9/12/2017,160.86,74.68,79.5,23.95,197.47
10/10/2016,116.05,58.04,88.44,16.3,138.08
9/14/2017,158.28,74.77,80.09,24.24,197.73
10/12/2016,117.34,57.11,87.13,16.03,135.1
10/13/2016,116.98,56.92,86.56,15.83,134.19
9/18/2017,158.67,75.16,80.09,24.7,198.19
9/19/2017,158.73,75.44,80.22,24.86,194.65
10/14/2016,117.63,57.42,86.54,16,133.92
9/20/2017,156.07,74.94,80.55,25.06,195.75
9/21/2017,153.39,74.21,79.89,25.16,195.21
10/17/2016,117.55,57.22,86.54,16.05,134.13
10/18/2016,117.47,57.66,86.77,16.26,143.39
10/19/2016,117.12,57.53,87.17,16.47,144.37
10/20/2016,117.06,57.25,87.21,16.56,145.07
9/27/2017,154.23,73.85,81.43,25.41,194.49
10/24/2016,117.65,61,86.91,16.77,144.69
10/26/2016,115.59,60.63,87.09,16.87,142.23
10/28/2016,113.72,59.87,84.78,16.68,140.35
10/31/2016,113.54,59.92,83.32,16.5,141.33
10/5/2017,155.39,75.97,82.02,26.13,197.9
11/1/2016,111.49,59.8,83.65,16.61,139.43
11/3/2016,109.83,59.21,83.66,16.48,137.83
11/4/2016,108.84,58.71,83.57,16.55,137.71
11/7/2016,110.41,60.42,85.45,17.01,141.93
11/8/2016,111.06,60.47,85.31,17,142.9
10/13/2017,156.99,77.49,82.41,25.83,192.52
11/14/2016,105.71,58.12,85.28,20.08,152.28
11/15/2016,107.11,58.87,86.82,20.16,152.23
10/19/2017,155.98,77.91,82.74,26.58,203.25
10/20/2017,156.25,78.81,83.11,27.17,207.49
11/16/2016,109.99,59.65,85.75,19.75,151.5
11/17/2016,109.95,60.64,85.23,20.08,150.77
10/24/2017,157.1,78.86,83.47,27.68,208.15
10/25/2017,156.41,78.63,83.17,27.63,207.56
11/18/2016,110.06,60.35,85.28,20,149.45
11/21/2016,111.73,60.86,86.49,20.33,150.41
11/22/2016,111.8,61.12,86.68,20.3,152.26
11/23/2016,111.23,60.4,86.92,20.56,153.54
11/25/2016,111.79,60.53,87.12,20.86,152.81
11/1/2017,166.89,83.18,83.87,27.53,209.53
11/28/2016,111.57,60.61,86.47,20.3,152.11
11/3/2017,172.5,84.14,83.18,27.82,212.87
11/29/2016,111.46,61.09,85.9,20.29,157.59
11/30/2016,110.52,60.26,87.3,21.12,158.32
12/1/2016,109.49,59.2,87.24,21.5,160.94
11/9/2017,175.88,84.09,83.97,26.49,211.56
12/5/2016,109.11,60.22,87.48,21.84,157.63
11/10/2017,174.67,83.87,82.94,26.51,211.07
12/6/2016,109.95,59.95,87.56,22.16,157.32
11/14/2017,171.34,84.05,82.24,26.24,211.71
12/7/2016,111.03,61.37,88.07,22.57,159.4
11/15/2017,169.08,82.98,81.21,26.79,209.86
12/12/2016,113.3,62.17,90.98,22.61,159.49
12/14/2016,115.19,62.68,90.58,22.67,159.86
12/15/2016,115.82,62.58,90.89,23.16,160.62
11/22/2017,174.96,83.11,81.1,26.66,211.22
12/16/2016,115.97,62.3,91.18,22.66,163.94
12/19/2016,116.64,63.62,90.42,22.48,161.54
11/28/2017,173.07,84.88,81.67,27.64,216.14
12/22/2016,116.29,63.55,90.87,22.54,161.58
12/27/2016,117.26,63.28,90.75,22.61,162.64
12/29/2016,116.73,62.9,90.35,22,161.04
1/3/2017,116.15,62.58,90.89,22.53,161.45
1/4/2017,116.02,62.3,89.89,22.95,161.91
1/6/2017,117.91,62.84,88.5,22.68,162.41
1/9/2017,118.99,62.64,87.04,22.55,161.95
12/12/2017,171.7,85.58,82.76,29.32,222.49
12/13/2017,172.27,85.35,83.12,28.84,224.35
1/10/2017,119.11,62.62,85.93,22.94,161.58
1/11/2017,119.75,63.19,86.81,23.07,161.89
1/12/2017,119.25,62.61,86.34,22.92,162.36
1/13/2017,119.04,62.7,86.35,23.01,161.8
1/17/2017,120,62.53,87.36,22.05,160.66
1/20/2017,120,62.74,85.89,22.64,158.66
1/23/2017,120.08,62.96,84.97,22.56,159.07
12/27/2017,170.6,85.71,83.9,29.73,220.42
1/25/2017,121.88,63.68,85.34,23.37,161.24
12/28/2017,171.08,85.72,84.02,29.8,222.77
1/26/2017,121.94,64.27,85.6,23.44,162.75
1/30/2017,121.63,65.13,84.86,22.95,162.09
1/3/2018,172.23,86.35,86.7,29.8,223.48
1/4/2018,173.03,87.11,86.82,30.19,224.45
1/5/2018,175,88.19,86.75,30.33,228.73
2/1/2017,128.75,63.58,82.94,22.89,162.71
1/9/2018,174.33,88.22,86.77,30.27,225.88
2/3/2017,129.08,63.68,83.54,23.29,161.87
2/6/2017,130.29,63.64,83.31,23.12,160.51
1/11/2018,175.28,88.08,86.93,30.66,225.39
2/10/2017,132.12,64,82.52,23.08,160.75
2/13/2017,133.29,64.72,83,23.4,161.99
1/19/2018,178.46,90,87.15,31.72,243.35
1/22/2018,177,91.61,88.25,31.94,243.56
2/16/2017,135.345,64.52,82.3,24.58,163.65
1/24/2018,174.22,91.82,88.53,32.09,244.85
2/21/2017,136.7,64.49,81.89,24.78,160.57
1/25/2018,171.11,92.33,88.37,32.09,245.18
2/23/2017,136.53,64.62,81.78,24.58,162.6
1/29/2018,167.96,93.92,88.01,32.28,247.41
2/24/2017,136.66,64.62,81.08,24.23,163.06
1/31/2018,167.43,95.01,87.3,32,236.78
2/1/2018,167.78,94.26,89.07,32.5,235.22
2/28/2017,136.99,63.98,81.32,24.68,165.38
2/2/2018,160.5,91.78,84.53,31.95,231.88
3/1/2017,139.79,64.94,83.02,25.5,167.94
3/3/2017,139.78,64.25,82.46,25.44,168.2
3/7/2017,139.52,64.4,82.52,25.21,168.3
3/8/2017,139,64.99,81.03,25.26,167.91
3/9/2017,138.68,64.73,81.67,25.35,168.01
3/13/2017,139.2,64.71,81.42,25.3,170.21
3/16/2017,140.69,64.64,82.07,25.22,171.3
3/17/2017,139.99,64.87,82,24.86,169.7
3/20/2017,141.46,64.93,82,24.43,168
3/21/2017,139.84,64.21,81.83,23.02,167.7
2/22/2018,172.5,91.73,75.86,31.69,227.09
3/22/2017,141.42,65.03,81.76,22.94,167.03
3/23/2017,140.92,64.87,81.86,23.07,165.29
2/27/2018,178.39,94.2,77.5,32.33,232.52
3/24/2017,140.64,64.98,81.23,23.12,165
2/28/2018,178.12,93.77,75.74,32.1,226.16
3/1/2018,175,92.85,75.2,31.48,224.45
3/27/2017,140.88,65.1,81.25,23.03,164.6
3/28/2017,143.8,65.29,81.84,23.48,165.35
3/5/2018,176.82,93.64,76.27,32.13,228.38
3/29/2017,144.12,65.47,82.02,23.35,163.44
4/3/2017,143.7,65.55,82.07,23.59,165.59
3/9/2018,179.98,96.54,74.56,32.72,225.43
4/4/2017,144.77,65.73,82.37,23.44,164.97
3/13/2018,179.97,94.41,74.53,32.36,226.94
4/6/2017,143.66,65.73,83.01,23.26,165.34
3/15/2018,178.65,94.18,74.42,32.1,229.48
3/16/2018,178.02,94.6,75.12,32.17,227.86
5/9/2016,92.79,50.07,88.57,13.99,132.67
4/7/2017,143.34,65.68,82.76,23.16,166.02
3/23/2018,164.94,87.18,72.89,29.17,212.55
4/21/2017,142.27,66.4,80.69,22.71,171.16
3/26/2018,172.77,93.78,74,30.44,219.07
4/24/2017,143.64,67.53,81.11,23.63,172.33
4/25/2017,144.53,67.92,81.73,23.98,174.04
4/26/2017,143.68,67.83,81.4,23.89,174.38
4/27/2017,143.79,68.27,81.26,23.65,174.63
4/3/2018,168.39,89.71,75.02,29.59,224.58
4/28/2017,143.65,68.46,81.65,23.34,174.88
5/1/2017,146.58,69.41,82.06,23.61,174.59
5/2/2017,147.51,69.3,82.05,23.53,174.14
5/5/2017,148.96,69,82.02,23.74,174.12
5/8/2017,153.01,68.94,82.89,23.96,174.44
4/11/2018,172.44,91.86,77.43,29.9,221.9
4/12/2018,174.14,93.58,77.22,30.65,224.24
5/11/2017,153.95,68.46,82.61,24.07,173.32
5/12/2017,156.1,68.38,82.55,24,171.81
5/15/2017,155.7,68.43,82.8,24.06,171.53
5/16/2017,155.47,69.41,82.55,23.99,168.12
5/17/2017,150.25,67.48,81.99,22.57,168.86
5/18/2017,152.54,67.71,81.75,22.74,171.45
5/22/2017,153.99,68.45,82.29,23.04,174.7
5/23/2017,153.8,68.68,82.58,23.39,175.22
5/24/2017,153.34,68.77,82.29,23.36,175.59
4/27/2018,162.32,95.82,77.79,30.15,240.18
5/26/2017,153.61,69.96,81.55,23.24,177.5
5/1/2018,169.1,95,76.95,29.95,236.85
5/30/2017,153.67,70.41,81.1,22.91,176.59
5/2/2018,176.57,93.51,76.8,29.58,233.46
5/31/2017,152.76,69.84,80.5,22.41,175.18
5/7/2018,185.16,96.22,77.74,29.64,233.78
6/5/2017,153.93,72.28,80.12,22.41,179.37
6/8/2017,154.99,71.95,80.62,22.97,181.69
5/10/2018,190.04,97.91,81.72,30.89,233.71
6/9/2017,148.98,70.32,82.13,23.67,181.46
6/12/2017,145.42,69.78,82.93,23.78,179.25
5/16/2018,188.18,97.15,82.02,31.06,241.72
6/15/2017,144.29,69.9,82.26,23.54,180.38
5/17/2018,186.99,96.18,81.88,30.81,242.96
6/16/2017,142.27,70,83.49,23.43,181.63
6/19/2017,146.34,70.87,82.76,23.91,183.02
6/22/2017,145.63,70.26,81.08,22.93,186.5
6/23/2017,146.28,71.21,81.61,22.82,185.25
6/26/2017,145.82,70.53,81.24,22.89,185.12
5/29/2018,187.9,98.01,78.42,28.96,242.17
6/27/2017,143.73,69.21,81.11,23.27,184.6
6/28/2017,145.83,69.8,81.53,23.88,185.7
5/31/2018,186.87,98.84,81.24,29.04,241.51
6/1/2018,190.24,100.79,81.83,29.4,243.35
6/29/2017,143.68,68.49,80.7,24.32,185.27
6/30/2017,144.02,68.93,80.73,24.26,185.42
7/6/2017,142.73,68.57,80.12,24.71,186.94
6/8/2018,191.7,101.63,83.6,30.01,250.68
7/10/2017,145.06,69.98,80.16,24.89,186.95
7/11/2017,145.53,69.99,80.6,24.6,185.95
7/12/2017,145.74,71.15,80.96,24.35,186.69
7/14/2017,149.04,72.78,81.28,24.21,186.9
6/15/2018,188.84,100.13,80.66,29.28,255.98
7/17/2017,149.56,73.35,80.86,24.02,186.35
7/18/2017,150.08,73.3,80.6,23.9,186.85
7/19/2017,151.02,73.86,80.85,24.06,189.19
6/20/2018,186.5,101.87,80.45,29.24,252.81
7/20/2017,150.34,74.22,80.86,23.94,191.5
7/24/2017,152.09,73.6,79.87,23.91,190.89
7/25/2017,152.74,74.19,80.27,24.48,190.4
7/26/2017,153.46,74.05,80.37,24.21,190.75
7/27/2017,150.56,73.16,80.83,24.11,188.93
6/29/2018,185.11,98.61,82.73,28.19,245.34
7/31/2017,148.73,72.7,80.04,24.12,191.81
8/1/2017,150.05,72.58,80.17,24.45,192.23
7/3/2018,183.92,99.05,82.24,27.78,246.98
7/5/2018,185.4,99.76,82.31,27.92,250.5
8/2/2017,157.14,72.26,80.6,24.59,193
8/3/2017,155.57,72.15,80.49,24.37,194.77
7/10/2018,190.35,102.12,83.66,28.83,255.54
8/7/2017,158.81,72.4,80.16,24.96,194.78
8/8/2017,160.08,72.79,79.96,24.9,194.9
7/12/2018,191.03,104.19,82.69,28.77,256.05
7/13/2018,191.33,105.43,83.31,28.55,258.7
8/9/2017,161.06,72.47,80.21,24.74,194.83
8/10/2017,155.32,71.41,78.97,24.12,192.57
8/11/2017,157.48,72.5,78.21,23.86,193.02
7/18/2018,190.4,105.12,82.22,30.13,255.42
7/19/2018,191.88,104.4,82.01,29.67,252.93
8/14/2017,159.85,73.59,78.23,24.42,193.71
7/20/2018,191.44,106.27,81.4,30.13,252.7
8/16/2017,160.95,73.65,77.47,24.19,193.77
8/17/2017,157.86,72.4,76.26,23.64,192.7
7/25/2018,194.82,110.83,83.59,31.07,254.86
7/26/2018,194.21,109.62,84.24,30.94,257
8/21/2017,157.21,72.15,76.38,23.38,192.03
8/22/2017,159.78,73.16,76.74,23.83,194.79
7/31/2018,190.29,106.08,81.51,30.88,253.22
8/23/2017,159.98,72.72,76.61,23.76,194.24
8/24/2017,159.27,72.69,76.33,23.84,194.75
8/28/2017,161.47,72.83,76.47,23.72,195.09
8/6/2018,209.07,108.13,80.18,31.52,256.76
8/30/2017,163.35,74.01,76.1,23.87,195.88
8/8/2018,207.25,109.49,80.73,31.8,258.81
8/9/2018,208.88,109.67,80.32,31.6,261.59
9/5/2017,162.08,73.61,77.18,23.31,199.31
9/6/2017,161.91,73.4,78.78,23.41,198.38
9/7/2017,161.26,74.34,79.03,22.97,198.17
9/8/2017,158.63,73.98,78.82,22.89,197.75
9/11/2017,161.5,74.76,79.25,23.36,199.58
8/16/2018,213.32,107.64,78,30.72,263.1
9/13/2017,159.65,75.21,79.77,24.33,198.33
8/21/2018,215.04,105.98,78.83,31.02,261.69
9/15/2017,159.88,75.31,80.07,24.38,198.18
8/22/2018,215.05,107.06,79.96,30.98,260.74
8/24/2018,216.16,108.4,79.62,30.89,264.28
8/27/2018,217.94,109.6,80.4,31.31,267.08
8/28/2018,219.7,110.26,80.28,31.27,268.51
9/22/2017,151.89,74.41,79.92,25.02,193.03
9/25/2017,150.55,73.26,80.98,24.76,191.75
9/26/2017,153.14,73.26,80.89,24.81,192.7
9/4/2018,228.36,111.71,80.29,31.14,268.51
9/28/2017,153.28,73.87,82.19,25.45,196.1
9/29/2017,154.12,74.49,81.98,25.34,195.85
9/6/2018,223.1,108.74,80.46,30.85,269.65
10/2/2017,153.81,74.61,81.63,25.62,197.44
10/3/2017,154.48,74.26,81.76,25.86,198.63
10/4/2017,153.48,74.69,81.79,25.71,200.48
9/12/2018,221.07,111.71,83.13,30.43,262.67
10/6/2017,155.3,76,81.71,26.21,198.06
10/9/2017,155.84,76.29,82.03,25.85,196.3
10/10/2017,155.9,76.29,82.26,25.93,194.68
10/11/2017,156.55,76.42,82.6,25.83,195.26
10/12/2017,156,77.12,82.43,25.45,192.92
9/20/2018,220.03,113.57,84.82,31.19,266.39
10/16/2017,159.88,77.65,82.81,26.24,193.2
9/24/2018,220.79,114.67,86.6,30.74,267.36
10/17/2017,160.47,77.59,82.96,26.2,203.89
10/18/2017,159.76,77.61,82.76,26.48,205.23
9/27/2018,224.95,114.41,85.77,29.94,264.65
10/23/2017,156.17,78.83,83.24,27.16,207.01
10/2/2018,229.28,115.15,86.46,29.58,270.63
10/26/2017,157.41,78.76,83.47,27.74,209.15
10/3/2018,232.07,115.17,86.15,30,270.9
10/27/2017,163.05,83.81,83.71,27.8,212.6
10/30/2017,166.72,83.89,83.54,27.6,209.39
10/8/2018,223.77,110.85,86.13,30.27,269.01
10/31/2017,169.04,83.18,83.35,27.39,210.22
10/10/2018,216.36,106.16,84.52,29.24,263.08
11/2/2017,168.11,84.05,83.53,27.87,211.1
10/12/2018,222.11,109.57,81.38,28.46,259.61
11/6/2017,174.25,84.47,83.75,27.75,212.12
10/15/2018,217.36,107.6,80.82,27.92,260.25
10/16/2018,222.15,111,81.2,28.53,272.57
11/7/2017,174.81,84.27,83.58,27.18,212.7
10/17/2018,221.19,110.71,81.5,28.9,267.3
10/18/2018,216.02,108.5,81.85,28.25,266.81
11/8/2017,176.24,84.56,83.47,26.79,210.77
10/22/2018,220.65,109.63,81.15,27.38,262.19
10/23/2018,222.73,108.1,79.84,27.02,264.86
11/13/2017,173.97,83.93,82.89,26.4,212.66
10/24/2018,215.09,102.32,77.62,26.19,256.32
10/25/2018,219.8,108.3,78.31,26.59,264.24
11/16/2017,171.1,83.2,80.56,26.76,211.13
10/29/2018,212.24,103.85,77.05,26.61,256.52
11/17/2017,170.15,82.4,80.24,26.62,209.9
10/31/2018,218.86,106.81,79.68,27.5,261.35
11/20/2017,169.98,82.53,80.55,26.74,210.25
11/1/2018,222.22,105.92,80.67,27.81,260.93
11/21/2017,173.14,83.72,80.87,26.73,212.6
11/24/2017,174.97,83.26,81.42,26.59,212.51
11/27/2017,174.09,83.87,81.11,26.59,212.4
11/7/2018,209.95,111.96,83.03,28.54,274.63
11/29/2017,169.48,83.34,82.27,28.28,222.88
11/12/2018,194.17,106.87,79.83,27.75,272.38
11/30/2017,171.85,84.17,83.29,28.17,228.17
12/1/2017,171.05,84.26,83.46,28.1,226.78
11/14/2018,186.8,104.97,77.39,27.21,264.96
11/15/2018,191.41,107.28,78.19,27.9,264.94
12/4/2017,169.8,81.08,83.57,29.06,221.42
11/16/2018,193.53,108.29,78.96,27.75,271.11
12/5/2017,169.64,81.59,82.89,28.93,220.09
11/20/2018,176.98,101.71,76.97,27.38,261.5
12/6/2017,169.01,82.78,82.28,28.64,219.94
12/7/2017,169.32,82.49,82.55,28.78,220.15
12/8/2017,169.37,84.16,82.66,29.05,223.91
12/11/2017,172.67,85.23,83.03,28.94,222.77
12/14/2017,172.22,84.69,82.9,28.73,221.25
12/15/2017,173.97,86.85,83.03,29.04,221.82
11/30/2018,178.58,110.89,79.5,28.4,281.36
12/3/2018,184.82,112.09,81.22,28.54,286.33
12/18/2017,176.42,86.38,82.94,29.48,222.67
12/19/2017,174.54,85.83,82.44,29.45,222.04
12/6/2018,174.72,109.19,78.39,26.28,276.85
12/7/2018,168.49,104.82,77.64,25.43,269.18
12/20/2017,174.35,85.52,82.87,29.48,222.38
12/21/2017,175.01,85.5,83.85,29.82,221.69
12/11/2018,168.63,108.59,76.68,24.58,267.22
12/22/2017,175.01,85.51,83.97,29.88,220
12/26/2017,170.57,85.4,83.98,29.78,219.6
12/14/2018,165.48,106.03,75.58,24.48,265.02
12/29/2017,169.23,85.54,83.64,29.52,220.46
1/2/2018,172.26,85.95,85.03,29.9,221.16
12/21/2018,150.73,98.23,68.12,23.37,238.34
1/8/2018,174.35,88.28,87.14,30.12,224.76
12/26/2018,157.17,100.56,68.64,24.11,243.35
1/10/2018,174.29,87.82,86.08,30.55,224.2
12/27/2018,156.15,101.18,68.94,24.37,245.97
12/28/2018,156.23,100.39,68.17,24.39,246.24
1/12/2018,177.09,89.6,87.52,31.19,228.64
1/16/2018,176.19,88.35,86.97,31.24,232.9
1/3/2019,142.19,97.4,68.62,24.56,236.85
1/17/2018,179.1,90.14,88,31.18,238.43
1/18/2018,179.26,90.1,87.43,31.48,243.16
1/8/2019,150.75,102.8,72.04,25.51,243.29
1/23/2018,177.04,91.9,88.3,31.92,245.21
1/26/2018,171.51,94.06,89,32.2,248.47
1/30/2018,166.97,92.74,86.78,31.88,236.65
2/5/2018,156.49,88,79.72,30.26,220.02
1/18/2019,156.82,107.71,72.99,29.3,265.5
2/6/2018,163.03,91.33,78.35,31.2,225.18
2/7/2018,159.54,89.61,76.94,31.25,225.82
1/23/2019,153.92,106.71,71.3,28.92,267.02
1/24/2019,152.7,106.2,71.4,29.08,266.13
2/8/2018,155.15,85.01,76.07,29.74,216.46
2/9/2018,156.41,88.18,75.78,30.33,220.96
2/12/2018,162.71,89.13,76.42,31.12,225.69
1/29/2019,154.68,102.94,71.51,29.39,267.34
2/13/2018,164.34,89.83,76.3,31.18,226.64
2/14/2018,167.37,90.81,76.46,32,228.78
2/15/2018,172.99,92.66,76.21,32.21,226.02
2/16/2018,172.43,92,76.54,31.97,229.37
2/5/2019,174.18,107.22,75.59,28.78,266.31
2/20/2018,171.85,92.72,75.75,31.93,226.66
2/6/2019,174.24,106.03,75.26,28.73,269.5
2/21/2018,171.07,91.49,74.89,31.87,225.13
2/8/2019,170.41,105.67,73.98,28.29,261.9
2/23/2018,175.5,94.06,77.53,32.03,230.16
2/12/2019,170.89,106.89,75.4,28.69,263.5
2/26/2018,178.97,95.42,78.84,32.42,234.06
2/13/2019,170.18,106.81,76.25,28.7,263.8
2/14/2019,170.8,106.9,76.27,28.39,265.33
3/2/2018,176.21,93.05,75.55,31.63,225.19
2/20/2019,172.03,107.15,78.53,29.41,269.51
3/6/2018,176.67,93.32,76.18,32.11,226.18
3/7/2018,175.03,93.86,74.26,32.18,227.27
3/8/2018,176.94,94.43,74.12,32.2,224.73
4/17/2017,141.83,65.48,81.58,22.81,167.18
2/28/2019,173.15,112.03,79.03,29.08,242.22
3/1/2019,174.97,112.53,80,29.31,246.15
4/19/2017,140.68,65.04,80.49,22.74,169.25
4/20/2017,142.44,65.5,81.01,23.07,171.54
3/6/2019,174.52,111.75,79.28,28.84,239.07
3/27/2018,168.34,89.47,73.7,29.52,217.96
3/7/2019,172.5,110.39,80.16,28.55,236.7
3/28/2018,166.48,89.39,72.81,29.39,218.5
3/11/2019,178.9,112.83,79.78,28.94,243.15
3/29/2018,167.78,91.27,74.61,29.99,214
4/2/2018,166.68,88.52,73.22,29.31,217.2
3/13/2019,181.71,114.5,80.71,29.29,252.25
4/4/2018,171.61,92.33,74.87,29.88,228.79
4/5/2018,172.8,92.38,76.02,30.32,229.07
4/6/2018,168.38,90.23,74.87,29.63,223.96
4/9/2018,170.05,90.77,74.87,29.87,222.73
3/20/2019,188.16,117.52,81.32,28.64,250.5
4/10/2018,173.25,92.88,77.07,30.48,226.79
3/25/2019,188.74,117.66,79.92,26.84,246.86
4/13/2018,174.73,93.08,77.84,29.8,224.28
3/26/2019,186.79,117.91,80.96,27.21,243.39
3/27/2019,188.47,116.77,80.34,27.03,241.71
4/16/2018,175.82,94.17,78.54,29.93,230.32
4/17/2018,178.24,96.07,78.33,30.04,238.55
3/29/2019,189.95,117.94,80.8,27.59,247.26
4/1/2019,191.24,119.02,81.73,28.54,245.54
4/18/2018,177.84,96.44,79.22,29.53,236.4
4/19/2018,172.8,96.11,79.42,30.18,235.76
4/3/2019,195.35,119.97,80.9,28.84,245.84
4/4/2019,195.69,119.36,82.05,29.15,247.39
4/20/2018,165.72,95,79,30.26,235.06
4/5/2019,197,119.89,82.49,29.08,248.78
4/8/2019,200.1,119.93,83,29.17,248.75
4/23/2018,165.24,95.35,79.57,30.32,234.34
4/24/2018,162.94,93.12,78.35,30.19,234.22
4/10/2019,200.62,120.19,81.56,29.07,246.03
4/25/2018,163.65,92.31,79.5,30.14,234.9
4/12/2019,198.87,120.95,80.92,30.17,223.22
4/26/2018,164.22,94.26,80.86,30.07,237.03
4/15/2019,199.23,121.05,80.65,29.84,230.2
4/30/2018,165.26,93.52,77.75,29.92,236.4
4/18/2019,203.86,123.37,81.13,30.03,221.75
4/22/2019,204.53,123.76,82.9,30.05,227.11
5/3/2018,176.89,94.07,76.54,29.2,234.15
4/23/2019,207.48,125.44,83.38,30.07,230.58
5/4/2018,183.83,95.16,76.9,29.3,235.9
4/25/2019,205.28,129.15,82.22,30.08,230.79
4/26/2019,204.3,129.89,80.49,30.35,237
5/8/2018,186.05,95.81,78.09,29.93,232.03
4/29/2019,204.61,129.77,79.97,30.77,237.45
4/30/2019,200.67,130.6,80.28,30.58,233.07
5/9/2018,187.36,96.94,79.93,30.72,229.21
5/11/2018,188.59,97.7,81.28,30.92,238.28
5/3/2019,211.75,128.9,77.47,30.71,231.95
5/14/2018,188.15,98.03,81.83,31.12,242.9
5/6/2019,208.48,128.15,77.13,30.47,240.5
5/7/2019,202.86,125.52,76.72,29.92,238.05
5/15/2018,186.44,97.32,81.79,31.22,239.5
5/18/2018,186.31,96.36,81.3,30.26,244.64
5/10/2019,197.18,127.13,76.56,29.58,240.59
5/13/2019,185.72,123.35,75.71,28.25,239.55
5/21/2018,187.63,97.6,82.28,30.55,247.9
5/14/2019,188.66,124.73,75.81,28.62,236.43
5/22/2018,187.16,97.5,81.64,30.89,245.18
5/16/2019,190.08,128.93,76.36,28.59,236.79
5/23/2018,188.36,98.66,82.15,30.44,244.26
5/17/2019,189,128.07,75.91,28.4,241.38
5/20/2019,183.09,126.22,75.9,28.4,245.99
5/24/2018,188.15,98.31,80.27,30.21,242.73
5/21/2019,186.6,126.9,76.25,28.69,249.94
5/25/2018,188.58,98.36,78.71,30.16,244.95
5/30/2018,187.5,98.95,81.5,29.49,244.94
5/28/2019,178.23,126.16,72.61,27.9,242.06
6/4/2018,191.83,101.67,80.97,29.4,244.63
6/5/2018,193.31,102.19,80.68,29.12,244.43
5/31/2019,175.07,123.68,70.77,26.6,241.8
6/6/2018,193.98,102.49,82.06,30.04,248.65
6/7/2018,193.46,100.88,82.88,30.09,248.98
6/5/2019,182.54,125.83,72.98,27.91,242.77
6/11/2018,191.23,101.05,83.1,30.06,253.78
6/6/2019,185.22,127.82,74.31,27.88,241.82
6/12/2018,192.28,101.31,82.42,29.9,253.58
6/13/2018,190.7,100.85,81.51,29.84,252.87
6/14/2018,190.8,101.42,81.89,29.5,255.33
6/18/2018,188.74,100.86,80.82,29.4,254.87
6/19/2018,185.69,100.86,80.7,29.26,253.02
6/17/2019,193.89,132.85,75.09,27.93,245.97
6/21/2018,185.46,101.14,79.69,29.29,251.89
6/22/2018,184.92,100.41,81.38,28.99,254.37
6/25/2018,182.17,98.39,79.74,28.48,250.71
6/26/2018,184.43,99.08,80.64,28.54,249.77
6/24/2019,198.58,137.78,76.95,27.98,249.64
6/27/2018,184.16,97.54,81.71,28.24,248.17
6/28/2018,185.5,98.63,81.97,28.67,244.9
7/2/2018,187.18,100.01,81.76,28.28,247.48
6/27/2019,199.74,134.15,75.82,28.21,246.34
7/1/2019,201.55,135.68,76.56,29.42,242.64
7/6/2018,187.97,101.16,82.33,28.03,250.76
7/9/2018,190.58,101.85,82.9,29.05,253.67
7/3/2019,204.41,137.46,76.44,29.05,245.21
7/11/2018,187.88,101.98,82.59,28.68,254.59
7/8/2019,200.02,136.96,76.48,29.2,247.84
7/16/2018,190.91,104.91,82.49,29.78,256.98
7/11/2019,201.75,138.4,77.57,29.36,261.16
7/17/2018,191.45,105.95,82.31,30.01,250.29
7/12/2019,203.3,138.9,77.63,29.45,265.9
7/15/2019,205.21,138.9,77.08,29.22,265.96
7/16/2019,204.5,137.08,75.93,28.99,264.66
7/17/2019,203.35,136.27,75.48,29.19,266.65
7/18/2019,205.66,136.42,74.84,29.48,260.6
7/23/2018,191.61,107.97,81.4,30.75,252.74
7/19/2019,202.59,136.62,74.99,29.4,256.65
7/24/2018,193,107.66,83.01,30.83,253.76
7/27/2018,190.98,107.68,81.92,31.06,255.95
7/30/2018,189.91,105.37,81.74,31.31,253.84
7/26/2019,207.74,141.34,74.81,30.77,252.94
8/1/2018,201.5,106.28,80.39,31.25,253.37
8/2/2018,207.39,107.57,79.91,31.28,256.08
8/3/2018,207.99,108.04,80.2,31.51,257.22
8/1/2019,208.43,138.06,72.46,29.49,249.25
8/7/2018,207.11,108.88,81.27,31.51,257.65
8/5/2019,193.34,132.21,70.28,28.08,245.06
8/10/2018,207.53,109,79.42,31.19,260.36
8/7/2019,199.04,135.28,70.5,27.89,246.45
8/13/2018,208.87,108.21,78.56,30.48,260.91
8/14/2018,209.75,109.56,78.31,30.79,263.48
8/12/2019,200.48,135.79,69.63,27.64,243.2
8/15/2018,210.24,107.66,76.94,30.36,260.61
8/17/2018,217.58,107.58,78.26,30.74,262.33
8/15/2019,201.74,133.68,67.25,26.25,244.25
8/20/2018,215.46,106.87,78.81,30.87,262.4
8/16/2019,206.5,136.13,68.3,27.03,245.69
8/23/2018,215.49,107.56,79.08,30.84,261.42
8/29/2018,222.98,112.02,80.86,31.14,269
8/30/2018,225.03,111.95,80.51,31.01,268.39
8/26/2019,206.49,135.45,67.85,26.78,231.08
8/31/2018,227.63,112.33,80.17,30.93,268.46
9/5/2018,226.87,108.49,81.36,31.18,267.64
9/7/2018,221.3,108.21,81.83,30.86,268.28
9/10/2018,218.33,109.38,81.71,30.82,259.73
9/11/2018,223.85,111.24,82.86,30.85,261.04
9/13/2018,226.41,112.91,82.32,30.14,265.49
9/14/2018,223.84,113.37,82.92,30.37,265.31
9/9/2019,214.17,137.52,71.49,28.63,230.68
9/17/2018,217.88,112.14,83.41,30.28,263.87
9/18/2018,218.24,113.21,83.63,30.21,263.29
9/12/2019,223.085,137.52,71.98,29.67,230.1
9/19/2018,218.37,111.7,84.63,31,265.33
9/21/2018,217.66,114.26,85.17,31.03,266.67
9/25/2018,222.19,114.45,86.5,30.67,263.51
9/26/2018,220.42,113.98,85.78,30.13,262.91
9/20/2019,217.73,139.44,72.08,29.59,232.89
9/28/2018,225.74,114.37,85.02,29.46,266.04
9/23/2019,218.72,139.14,72.13,29.52,228.77
10/1/2018,227.26,115.61,85.81,29.65,269.1
10/4/2018,227.99,112.79,85.58,30.43,268.32
10/5/2018,224.29,112.13,85.34,30.23,269.2
9/30/2019,223.97,139.03,70.61,29.17,217.32
10/1/2019,224.59,137.07,68.95,28.44,217.21
10/9/2018,226.87,112.26,86.51,29.98,270.11
10/3/2019,220.82,136.28,67.98,27.81,215.36
10/11/2018,214.45,105.91,81.6,28.36,257.12
10/7/2019,227.06,137.12,68.02,28.31,221.24
10/9/2019,227.03,138.24,67.44,27.89,222.08
10/19/2018,219.31,108.66,81.97,28.32,265.3
10/15/2019,235.32,141.575,69.42,29.73,238.59
10/26/2018,216.3,106.96,77.53,26.39,258.18
10/30/2018,213.3,103.73,78.78,26.78,258.28
11/2/2018,207.48,106.16,81.95,27.89,261.01
10/22/2019,239.96,136.37,69.09,31.2,249.48
11/5/2018,201.59,107.51,81.64,28.06,261.01
11/6/2018,203.77,107.72,81.99,28.21,263.54
10/25/2019,246.58,140.73,69.25,31.72,244.91
11/8/2018,208.49,111.75,81.71,28.87,276.65
10/28/2019,249.05,144.19,68.64,31.84,247.05
11/9/2018,204.47,109.57,80.87,28.52,276.55
11/13/2018,192.23,106.94,78,27.76,269.22
11/19/2018,185.86,104.62,79.22,27.75,266.05
11/4/2019,257.5,144.55,71.67,32.4,251.25
11/21/2018,176.78,103.11,77.56,27.27,260.55
11/23/2018,172.29,103.07,75.49,26.97,261.62
11/26/2018,174.62,106.47,76.98,27.56,266.16
11/27/2018,174.24,107.14,77.05,27.74,271.15
11/11/2019,262.2,146.11,70.34,33.18,254.09
11/28/2018,180.94,111.12,78.45,28.43,280.95
11/29/2018,179.55,110.19,79.06,28.04,282.55
12/4/2018,176.69,108.52,79.43,26.99,278.55
11/18/2019,267.1,150.34,68.52,32.96,272.93
12/10/2018,169.6,107.59,76.54,24.76,266.53
11/20/2019,263.19,149.62,68.03,32.69,275.56
12/12/2018,169.1,109.08,76.02,24.52,270.64
12/13/2018,170.95,109.45,76.98,24.4,272.15
11/25/2019,266.37,151.23,68.91,33.47,282.67
11/26/2019,264.29,152.03,68.74,33.35,281.4
12/17/2018,163.94,102.89,74.04,24.47,258.07
12/18/2018,166.07,103.97,72,24.47,252.97
12/19/2018,160.89,103.69,70.78,24.18,250.31
12/20/2018,156.83,101.51,68.63,24.11,242.44
12/4/2019,261.74,149.85,68.65,33.15,279.32
12/24/2018,146.83,94.13,65.51,22.73,232.94
12/9/2019,266.92,151.36,69.66,33.51,277.54
12/31/2018,157.74,101.57,68.19,24.64,249.12
12/11/2019,270.77,151.7,68.96,33.64,280.5
1/2/2019,157.92,101.12,69.69,24.96,243.49
12/12/2019,271.46,153.24,70.34,34.68,283.61
12/13/2019,275.15,154.53,69.23,34.44,285.48
1/4/2019,148.26,101.93,71.15,25.58,239.62
12/17/2019,280.41,154.69,69.68,35.04,290.47
1/7/2019,147.93,102.06,71.52,25.56,240.08
1/9/2019,153.31,104.27,72.42,25.76,243.64
1/10/2019,153.8,103.6,72.05,25.73,244.87
1/11/2019,152.29,102.8,71.72,26.03,247.67
1/14/2019,150,102.05,71.63,26.37,248.06
12/26/2019,289.91,158.67,70.13,35.52,295.65
1/15/2019,153.07,105.01,71.67,26.55,256.87
12/27/2019,289.8,158.96,69.89,35.35,295.97
1/16/2019,154.94,105.38,71.64,28.45,261.46
12/31/2019,293.65,157.7,69.78,35.22,293.98
1/17/2019,155.86,106.12,72.13,28.99,259.77
1/3/2020,297.43,158.62,70.33,34.9,289.54
1/22/2019,153.3,105.68,71.89,29.09,265.69
1/7/2020,298.39,157.58,70.29,34.62,289.79
1/25/2019,157.76,107.17,71.72,29.58,268.05
1/28/2019,156.3,105.08,71.24,29.63,266.77
1/30/2019,165.25,106.38,72.29,29.07,270.37
1/13/2020,316.96,163.28,69.8,35.06,285.85
1/31/2019,166.44,104.43,73.28,28.47,270.2
2/1/2019,166.52,102.78,75.92,28.38,268.72
1/16/2020,315.24,166.17,68.82,34.72,300.74
2/4/2019,171.25,105.74,74.82,28.88,268.21
2/7/2019,170.94,105.27,74.68,28.24,269
1/23/2020,319.23,166.72,66.77,34.12,299.46
2/11/2019,169.43,105.25,74.1,28.41,257.14
1/27/2020,308.95,162.28,64.74,32.85,284.09
2/15/2019,170.42,108.22,77.71,29.11,271.13
1/29/2020,324.34,168.04,64.11,33.01,282.9
1/30/2020,323.87,172.78,64.79,33.48,280.98
2/19/2019,170.93,108.17,78.23,29.13,270.41
1/31/2020,309.51,170.23,62.12,32.83,272.45
2/21/2019,171.06,109.41,77.82,29.29,266.4
2/22/2019,172.97,110.97,78.42,29.08,267.11
2/5/2020,321.45,179.9,62.73,34.71,295.73
2/25/2019,174.23,111.59,78.5,29.27,264.6
2/26/2019,174.33,112.36,78.66,29.29,262.98
2/10/2020,321.55,188.7,59.96,34.69,287.03
2/27/2019,174.87,112.17,79.47,29.53,250.08
3/12/2018,181.72,96.77,75.24,32.84,222.77
3/14/2018,178.44,93.85,73.6,32.14,225.38
2/13/2020,324.87,183.71,60.93,34.91,302.2
2/14/2020,324.95,185.35,60.65,34.85,298.78
2/18/2020,319,187.23,59.88,34.27,302.14
3/19/2018,175.3,92.89,74.15,31.98,225.05
2/20/2020,320.3,184.42,59.86,34.85,302.13
3/20/2018,175.24,93.13,73.99,31.98,226.78
3/21/2018,171.27,92.48,75.04,31.87,222.82
2/24/2020,298.18,170.89,56.36,32.73,277.79
2/25/2020,288.08,168.07,54.2,31.08,263.39
3/22/2018,168.85,89.79,73.5,30.55,215.21
2/26/2020,292.65,170.17,53.01,30.63,263
3/2/2020,298.81,172.79,53.88,29.37,273.11
3/8/2019,172.91,110.51,79.01,28.65,237.29
3/12/2019,180.91,113.62,80,28.94,245.88
3/6/2020,289.03,161.57,47.69,25.71,283.87
3/14/2019,183.73,114.59,80.44,29.46,253.27
3/9/2020,266.17,150.62,41.86,21.93,273.44
3/15/2019,186.12,115.91,80.15,29.3,251.4
3/18/2019,188.02,117.57,81.08,29.82,255
3/19/2019,186.53,117.65,80.87,29.65,257.13
3/21/2019,195.09,120.22,81.79,28.18,252.02
3/22/2019,191.05,117.05,80.48,27.01,247.09
3/28/2019,188.72,116.93,80.74,27.33,242.23
4/2/2019,194.02,119.19,81.38,28.87,244.41
3/26/2020,258.44,156.11,38.82,22.72,255.39
4/9/2019,199.5,119.28,81.93,28.89,248.79
3/27/2020,247.74,149.7,36.95,21.6,242.45
4/11/2019,198.95,120.33,81.95,29.07,235.42
4/1/2020,240.91,152.11,37.53,19.77,237.32
4/16/2019,199.25,120.77,81.2,29.88,220.96
4/17/2019,203.13,121.77,81.43,30.03,216.84
4/6/2020,262.47,165.27,40.47,21.39,248.34
4/24/2019,207.16,125.01,81.76,30.02,230.35
4/13/2020,273.25,165.51,42.76,23.92,263.51
5/1/2019,210.52,127.88,78.67,30.26,231.95
5/2/2019,209.15,126.21,77.29,30.5,232.45
5/8/2019,202.9,125.51,76.84,29.8,239.15
4/21/2020,268.37,167.82,40.96,21.64,274.19
5/9/2019,200.72,125.5,76.77,29.71,237.97
5/15/2019,190.92,126.02,76.37,28.29,236.08
4/28/2020,278.58,169.81,44.97,23.89,288.36
5/22/2019,182.78,127.67,75.56,28.49,249.34
5/23/2019,179.66,126.18,73.79,27.76,246.5
5/1/2020,289.07,174.57,43.14,23.08,284.51
5/4/2020,293.16,178.84,44.88,22.93,287.54
5/24/2019,178.97,126.24,74.1,28.18,247.63
5/29/2019,177.38,124.94,72.16,27.75,242.4
5/30/2019,178.3,125.73,71.97,27.16,243.5
5/8/2020,310.13,184.68,46.18,23.57,287
5/11/2020,315.01,186.74,45.74,22.58,288.69
6/3/2019,173.3,119.84,71.88,26.68,236.56
6/4/2019,179.64,123.16,73.59,27.92,240.76
6/7/2019,190.15,131.4,74.58,27.53,246.77
6/10/2019,192.58,132.6,74.91,28.07,248.14
5/18/2020,314.96,184.91,45.34,22.93,293.36
6/11/2019,194.81,132.1,74.84,28.24,245.87
6/12/2019,194.19,131.49,74.03,27.95,244.5
6/13/2019,194.15,132.32,74.68,27.94,244.96
6/14/2019,192.74,132.45,74.35,28.04,245.37
5/26/2020,316.73,181.57,45.91,24.28,294.89
5/27/2020,318.11,181.81,46.24,25.98,303.77
6/18/2019,198.45,135.16,75.74,28.62,245.7
6/19/2019,197.87,135.69,75.32,28.32,250.19
6/20/2019,199.46,136.95,76.61,28.27,247.76
6/1/2020,321.85,182.83,46.28,24.61,305.93
6/21/2019,198.78,136.97,77.69,28.12,252.28
6/25/2019,195.57,133.43,76.27,27.76,247.66
6/26/2019,199.8,133.93,76.6,27.91,243.47
6/8/2020,333.46,188.36,54.74,28.54,309.48
6/28/2019,197.92,133.96,76.63,29,244.01
7/2/2019,202.73,136.58,75.72,29.15,243.97
6/11/2020,335.9,186.27,46.18,23.93,283.73
6/12/2020,338.8,187.74,47.17,24.78,285.15
7/5/2019,204.23,137.06,76.13,29.26,246.99
7/9/2019,201.24,136.46,76.43,29.35,246
7/10/2019,203.23,137.85,77.51,29.02,247.48
6/18/2020,351.73,196.32,46.92,25.04,291.48
7/22/2019,207.22,138.43,75.07,29.57,255.32
6/25/2020,364.84,200.34,45.17,24.72,296.22
7/23/2019,208.84,139.29,75.37,30.25,255.01
7/24/2019,208.67,140.72,75.36,30.67,251.13
7/25/2019,207.02,140.19,74.93,30.34,248.7
6/30/2020,91.2,203.51,44.72,23.75,294.95
7/1/2020,91.0275,204.7,43.71,23.26,297.73
7/29/2019,209.68,141.03,75.34,30.52,253.82
7/6/2020,93.4625,210.7,44.39,23.66,302.81
7/30/2019,208.78,140.35,75.35,30.89,254.93
7/31/2019,213.04,136.27,74.36,30.68,249.01
7/9/2020,95.6825,214.32,41.36,22.77,291.16
8/2/2019,204.02,136.9,71.75,29.38,250.05
8/6/2019,197,134.69,70.96,28.42,248.28
7/14/2020,97.0575,208.35,44.07,24.14,308.52
8/8/2019,203.43,138.89,72.38,28.38,247.62
8/9/2019,200.99,137.71,70.84,28.33,248.63
8/13/2019,208.97,138.6,70.49,27.72,249.22
8/14/2019,202.75,133.98,67.65,26.42,243.2
8/19/2019,210.35,138.41,69.45,27.27,244.71
7/23/2020,92.845,202.54,43.7,24.54,302.97
8/20/2019,210.36,137.26,69.03,26.72,240.16
7/27/2020,94.81,203.85,44.07,24.14,298.6
8/21/2019,212.64,138.79,69.72,26.93,240.35
7/28/2020,93.2525,202.02,43.55,24.36,299.93
7/29/2020,95.04,204.06,44.03,25.27,306.68
8/22/2019,212.46,137.78,69.57,27.19,232.94
8/23/2019,202.64,133.39,67.49,26.47,230.66
8/27/2019,204.16,135.74,67.19,26.47,222.93
8/4/2020,109.665,213.29,43.47,25.01,304.5
8/28/2019,205.53,135.56,67.68,26.85,227.35
8/5/2020,110.0625,212.94,43.85,25.39,312.47
8/29/2019,209.01,138.12,68.43,27.33,230.62
8/7/2020,111.1125,212.48,43.44,26.11,317.03
8/30/2019,208.74,137.86,68.48,27.51,234
9/3/2019,205.7,136.04,68.56,27.05,230.62
9/4/2019,209.19,137.63,69.29,27.49,226.73
9/5/2019,213.28,140.05,70.27,28.12,229.59
8/13/2020,115.01,208.7,43.01,26.35,321.52
9/6/2019,213.26,139.1,70.93,27.73,229
9/10/2019,216.7,136.08,72.07,29.35,232.46
8/18/2020,115.5625,211.49,42.43,25.53,316.81
9/11/2019,223.59,136.12,71.93,29.46,234.21
9/13/2019,218.75,137.32,72.64,30.17,233.61
8/21/2020,124.37,213.02,41.01,24.98,314.14
9/16/2019,219.9,136.33,73.73,30.13,234.43
9/17/2019,220.7,137.39,73.17,29.94,232.52
9/18/2019,222.77,138.52,72.82,30,230.61
9/19/2019,220.96,141.07,72.33,29.82,232.85
8/28/2020,124.8075,228.91,40.69,26.3,314.37
9/24/2019,217.68,137.38,71.14,28.94,225
9/25/2019,221.03,139.36,71.35,29.25,222.17
9/2/2020,131.4,231.65,39.19,26.02,320.24
9/26/2019,219.89,139.54,70.97,29.13,215.48
9/27/2019,218.82,137.73,71.48,29.35,215.26
9/8/2020,112.82,202.66,38.18,25.48,307.25
10/2/2019,218.96,134.65,67.15,27.84,216.75
10/4/2019,227.01,138.12,68.97,28.37,219.8
10/8/2019,224.4,135.67,66.7,27.63,220.11
10/10/2019,230.09,139.1,68.25,28.45,223.73
10/11/2019,236.21,139.68,68.98,28.91,222.07
10/14/2019,235.87,139.55,69.18,29.14,220.59
10/16/2019,234.37,140.41,68.23,30.17,236.99
10/17/2019,235.28,139.69,68.14,30.26,243.67
9/23/2020,107.12,200.59,34.39,23.26,292.14
10/18/2019,236.41,137.41,67.61,30.35,245.34
9/25/2020,112.28,207.82,34.64,23.49,302.5
10/21/2019,240.51,138.43,68.74,31.02,243.92
9/28/2020,114.96,209.44,35.31,24.09,303.23
10/23/2019,243.18,137.24,69.75,31.42,247.8
10/24/2019,243.58,139.94,69.09,31.36,244.51
10/1/2020,116.79,212.46,33.13,24.1,313.07
10/5/2020,116.5,210.38,33.74,24.62,318.15
10/29/2019,243.29,142.83,68.44,32.07,252.29
10/30/2019,243.26,144.61,67.72,31.62,254.8
10/31/2019,248.76,143.37,67.57,31.27,252.7
10/8/2020,114.97,210.58,35.26,25.24,322.41
11/1/2019,255.82,143.72,69.6,31.8,252.21
10/12/2020,124.4,221.4,34.63,25.68,329.97
11/5/2019,257.13,144.46,73.09,32.82,250.3
10/14/2020,121.19,220.86,34.15,23.62,321.85
11/6/2019,257.24,144.06,71.49,32.79,250.52
11/7/2019,259.43,144.26,73.01,33.23,256.46
10/19/2020,115.98,214.22,33.42,23.72,324.22
10/20/2020,117.51,214.65,33.7,24.14,323.41
10/21/2020,116.87,214.8,33.16,24.05,322.79
10/22/2020,115.75,214.89,34.86,24.87,325.73
11/8/2019,260.14,145.96,70.77,33.26,256.97
10/26/2020,115.05,210.08,33.35,24.54,323.06
11/12/2019,261.96,147.07,69.37,33.09,255.25
10/28/2020,111.2,202.68,31.57,23.47,308
11/13/2019,264.47,147.31,68.8,32.79,253.57
11/14/2019,262.64,148.06,68.5,32.7,255.83
11/2/2020,108.77,202.33,33.99,24.08,312.1
11/3/2020,110.44,206.43,33.41,24.69,321.35
11/15/2019,265.76,149.97,69.19,32.93,269.4
11/5/2020,119.03,223.29,33.17,24.61,354.4
11/6/2020,118.69,223.72,32.78,24.31,347.46
11/9/2020,116.32,218.39,36.93,27.76,350
11/10/2020,115.97,211.01,36.86,27.66,353.69
11/11/2020,119.49,216.55,36.48,27.34,351.7
11/12/2020,119.21,215.44,35.23,26.69,354.41
11/13/2020,119.26,216.51,36.08,27,355.67
11/19/2019,266.29,150.39,67.82,32.94,274.23
11/21/2019,262.01,149.48,69.67,32.84,276.55
11/22/2019,261.78,149.59,69.37,33.18,276.84
11/20/2020,117.34,210.39,36.94,26.81,334.7
11/27/2019,267.84,152.32,68.7,33.42,280.67
11/23/2020,113.85,210.11,39.36,27.39,335.06
11/29/2019,267.25,151.38,68.13,33.32,279.87
12/2/2019,264.16,149.55,68.42,33.43,279.66
12/3/2019,259.45,149.31,67.88,32.84,276.9
12/5/2019,265.58,149.93,68.41,33.09,282
12/1/2020,122.72,216.21,38.5,28.69,341.19
12/6/2019,270.71,151.75,69.51,33.67,280.19
12/3/2020,122.94,214.24,40.21,28.91,348.68
12/10/2019,268.48,151.13,69.06,33.53,279.52
12/16/2019,279.86,155.53,70,34.7,292.03
12/10/2020,123.24,210.52,44.01,29.11,339.65
12/18/2019,279.74,154.37,69.87,35.11,292.9
12/11/2020,122.41,213.26,43.8,28.57,337.07
12/19/2019,280.02,155.71,69.39,34.95,294.62
12/15/2020,127.88,214.13,43.04,28.64,339.67
12/20/2019,279.44,157.41,69.94,34.96,292.59
12/16/2020,127.81,219.28,43.7,28.72,339.34
12/23/2019,284,157.41,70.29,35.17,295.09
12/24/2019,284.27,157.38,70.02,35.22,294.54
12/30/2019,291.52,157.59,69.48,35.15,293.85
1/2/2020,300.35,160.62,70.9,35.64,292.5
12/24/2020,131.97,222.75,41.6,29.96,340.79
12/28/2020,136.69,224.96,41.74,30.13,345.95
12/29/2020,134.87,224.15,41.27,30.01,347.35
1/6/2020,299.8,159.03,70.87,34.85,291.55
1/8/2020,303.19,160.09,69.23,34.97,295.9
1/4/2021,129.41,217.69,41.5,30.03,349.5
1/9/2020,309.63,162.09,69.76,35.03,294.22
1/10/2020,310.33,161.34,69.14,34.74,295.13
1/7/2021,130.92,218.29,44.96,32.86,365.03
1/14/2020,312.68,162.13,69.2,35.32,288.24
1/8/2021,132.05,219.62,45.46,32.53,363.39
1/11/2021,128.98,217.49,46.84,33.07,360.75
1/15/2020,311.34,163.18,69.09,34.67,296.41
1/12/2021,128.8,214.93,47.88,33.66,357.37
1/17/2020,318.73,167.1,68.56,34.71,298.47
1/14/2021,128.91,213.02,50.31,33.99,350.53
1/21/2020,316.57,166.5,67.58,34.26,300.53
1/22/2020,317.7,165.7,67.19,34.36,300.59
1/20/2021,132.03,224.34,49.53,32.34,350.84
1/24/2020,318.31,165.04,66.32,33.54,292.81
1/22/2021,139.07,225.95,47.43,31.55,347.55
1/25/2021,142.92,229.53,46.9,31.16,347.81
1/28/2020,317.69,165.46,64.65,33.24,285.87
1/26/2021,143.16,232.33,45.87,30.94,343.11
1/27/2021,142.06,232.9,45.35,29.83,332.99
1/28/2021,137.09,238.93,46.06,30.32,338.15
1/29/2021,131.96,231.96,44.84,29.65,333.58
2/1/2021,134.14,239.65,44.92,29.96,334
2/3/2020,308.66,174.38,60.73,32.97,274.02
2/4/2020,318.85,180.12,59.97,33.62,280.84
2/4/2021,137.39,242.01,48.33,32.5,329.32
2/6/2020,325.21,183.63,61.88,34.67,292.46
2/7/2020,320.03,183.89,61.47,34.61,289.22
2/11/2020,319.61,184.44,60.53,34.77,290.79
2/10/2021,135.39,242.82,51.12,32.98,333.4
2/12/2020,327.2,184.71,61.27,34.92,303.48
2/11/2021,135.13,244.49,49.84,32.88,333.07
2/12/2021,135.37,244.99,50.52,33.37,328.24
2/17/2021,130.84,244.2,52.85,34.41,326.86
2/19/2020,323.62,187.28,60.34,34.72,305.31
2/21/2020,313.05,178.59,59.13,34.36,301.43
2/22/2021,126,234.51,54.3,35.15,327.64
2/27/2020,273.52,158.18,49.82,29.13,253.92
2/25/2021,120.99,228.99,55.76,35.93,328.87
3/4/2019,175.85,112.26,80.31,29.03,236.02
2/26/2021,121.26,232.38,54.37,34.71,332.22
3/5/2019,175.53,111.7,80.19,29.08,241.43
3/4/2020,302.74,170.55,52.42,28.39,289.42
3/5/2020,292.92,166.27,50.11,26.78,282.96
3/10/2020,285.34,160.92,43.41,23.61,280
3/11/2020,275.43,153.63,41.98,22.67,277.78
3/12/2020,248.23,139.06,37.18,20.51,250.41
3/13/2020,277.97,158.83,38.12,24.16,272.04
3/12/2021,121.03,235.75,61.97,37.94,356.02
3/16/2020,242.21,135.42,34.49,20.44,225.04
3/17/2020,252.86,146.57,36.81,21.98,244.22
3/18/2020,246.67,140.4,33.12,20.79,217.06
3/17/2021,124.76,237.04,59.37,37.95,352.18
3/19/2020,244.78,142.71,34.43,21.2,219.8
3/20/2020,229.24,137.35,32.74,19.67,206.59
3/23/2020,224.37,135.98,31.45,18.08,194.86
3/23/2021,122.54,237.58,55.22,36.9,368.5
3/24/2020,246.88,148.34,35.44,21.03,219.8
3/25/2020,245.52,146.92,37.29,21.1,234.49
3/25/2021,120.59,232.34,56.18,37.66,371.09
3/30/2020,254.81,160.23,37.5,22.04,251.28
3/31/2020,254.29,157.71,37.97,21.23,249.38
4/2/2020,244.93,155.26,40.4,20.57,240.44
4/3/2020,241.41,153.83,39.21,20.03,229.49
4/5/2021,125.9,249.07,56.5,39.8,370.18
4/7/2020,259.43,163.49,41.24,22.14,248.04
4/8/2020,266.07,165.13,43.85,23.45,267.83
4/9/2020,267.99,165.14,43.13,24.86,264.13
4/9/2021,132.995,255.85,55.87,39.99,376.3
4/14/2020,287.05,173.7,42.43,23.73,270.5
4/15/2020,284.43,171.88,40.48,22.19,281.68
4/14/2021,132.03,255.59,57.32,39.88,375.63
4/16/2020,286.69,177.04,39.15,21.42,298.43
4/17/2020,282.8,178.6,43.22,23.28,290.56
4/20/2020,276.93,175.06,41.18,22.5,282.14
4/22/2020,276.1,173.52,42.13,21.8,277.02
4/21/2021,133.5,260.58,56,38.72,398.81
4/23/2020,275.03,171.42,43.45,21.87,285.33
4/24/2020,282.97,174.55,43.73,22.18,291.29
4/27/2020,283.17,174.05,43.94,23.47,293.98
4/27/2021,134.39,261.97,56.41,39.88,394.5
4/28/2021,133.58,254.56,58.11,40.03,394.59
4/29/2020,287.73,177.43,47.46,24.78,287.65
4/30/2020,293.8,179.21,46.47,24.05,292.47
4/30/2021,131.46,252.18,57.24,40.53,398.8
5/3/2021,132.54,251.86,58.82,40.56,405.9
5/5/2020,297.56,180.76,44.83,22.66,293.04
5/6/2020,300.63,182.54,43.99,22.35,288.77
5/7/2020,303.74,183.6,44.24,22.84,285
5/12/2020,311.41,182.51,44.12,21.87,287.7
5/11/2021,125.91,246.23,60.59,41.57,411.7
5/13/2020,307.65,179.75,41.93,20.87,278
5/14/2020,309.54,180.53,42.3,21.71,290.61
5/15/2020,307.71,183.16,42,21.44,290.96
5/19/2020,313.14,183.63,43.94,22.21,289.05
5/20/2020,319.23,185.66,45.37,22.91,287.99
5/21/2020,316.85,183.43,44.56,22.9,286.91
5/20/2021,127.31,246.48,58.84,41.87,408.64
5/22/2020,318.89,183.51,44.6,22.66,289.94
5/28/2020,318.25,181.4,45.04,24.86,303.97
5/29/2020,317.94,183.25,45.47,24.12,304.85
6/2/2020,323.34,184.91,47.31,24.84,306.31
6/3/2020,325.12,185.36,49.24,25.99,305.35
6/4/2020,322.32,182.92,49.1,26.78,298.08
6/5/2020,331.5,187.2,53.08,28.11,311.85
6/3/2021,123.54,245.71,61.18,43.25,407.96
6/9/2020,343.99,189.8,53.52,28.22,309.21
6/10/2020,352.84,196.84,50.65,26.6,305.75
6/15/2020,342.99,188.94,47.14,25.15,286.28
6/10/2021,126.11,257.24,62.75,41.69,401.49
6/16/2020,352.08,193.57,48.2,25.8,293
6/17/2020,351.59,194.24,46.63,25,292.6
6/19/2020,349.72,195.15,45.98,25.25,291.24
6/16/2021,130.15,257.38,64.1,41.62,397.25
6/17/2021,131.79,260.9,61.99,39.8,397.35
6/22/2020,358.87,200.57,46.42,24.62,292.67
6/18/2021,130.46,259.43,60.4,38.78,389.37
6/23/2020,366.53,201.91,46.7,24.79,297.6
6/24/2020,360.06,197.84,44.5,23.81,289.18
6/23/2021,133.7,265.275,64.26,40.2,395.56
6/26/2020,353.63,196.33,43.62,23.15,286.88
6/25/2021,133.11,265.02,64.66,41.62,404.95
6/29/2020,90.445,198.44,44.32,23.39,289.76
6/29/2021,136.33,271.4,62.62,40.89,398.1
7/2/2020,91.0275,206.26,44.08,23.29,298.26
7/1/2021,137.27,271.6,63.26,41.54,404.89
7/7/2020,93.1725,208.25,43.24,23.01,296.65
7/8/2020,95.3425,212.83,43.14,23.1,298.36
7/10/2020,95.92,213.67,42.65,24.02,291.23
7/13/2020,95.4775,207.07,42.66,24.19,299.71
7/15/2020,97.725,208.04,44.63,24.6,304.07
7/13/2021,145.64,280.98,60.88,39.86,418.54
7/16/2020,96.5225,203.92,44.28,23.93,307.15
7/14/2021,149.15,282.51,59.53,38.86,414.74
7/17/2020,96.3275,202.88,43.52,23.22,306.53
7/20/2020,98.3575,211.6,42.5,23.58,303.46
7/21/2020,97,208.75,44.65,24.42,305.11
7/22/2020,97.2725,211.75,43.61,24.31,306.71
7/24/2020,92.615,201.3,43.43,24.35,300.79
7/23/2021,148.56,289.67,57.04,37.7,417.7
7/30/2020,96.19,203.9,41.87,24.84,305.23
7/27/2021,146.77,286.54,57.83,37.98,415.1
7/31/2020,106.26,205.01,42.08,24.88,302.78
7/29/2021,145.64,286.5,58.93,38.68,412.08
8/3/2020,108.9375,216.54,42.25,24.99,303.61
8/6/2020,113.9025,216.35,43.64,25.47,314.06
8/10/2020,112.7275,208.25,44.51,26.56,319.1
8/5/2021,147.06,289.52,57.2,39.02,411.19
8/11/2020,109.375,203.38,44.97,26.92,315.55
8/12/2020,113.01,209.19,44.09,26.73,322.27
8/14/2020,114.9075,208.9,43.2,26.47,323.7
8/11/2021,145.86,286.95,58.35,41.95,407.74
8/17/2020,114.6075,210.28,42.64,25.9,320.51
8/12/2021,148.89,289.81,57.35,42.15,405.96
8/19/2020,115.7075,209.7,41.96,25.5,315.4
8/20/2020,118.275,214.58,41.32,25.1,313.33
8/18/2021,146.36,290.73,54.39,40.79,417.32
8/24/2020,125.8575,213.69,42.22,25.69,308.84
8/19/2021,146.7,296.77,52.73,40.19,427.89
8/20/2021,148.19,304.36,52.74,40.37,429.71
8/25/2020,124.825,216.47,40.88,26,312.22
8/23/2021,149.71,304.65,54.91,40.91,425.36
8/26/2020,126.5225,221.15,40.01,25.56,308.82
8/27/2020,125.01,226.58,39.74,26.05,311.67
8/26/2021,147.54,299.09,54.71,42.04,416.85
8/31/2020,129.04,225.53,39.94,25.74,312.55
8/30/2021,153.12,303.59,55.16,41.66,418.3
9/1/2020,134.18,227.27,39.43,25.71,312.83
8/31/2021,151.83,301.88,54.52,41.75,416.27
9/3/2020,120.88,217.3,39.11,25.66,316.23
9/4/2020,120.96,214.25,39.08,26.54,312
9/9/2020,117.32,211.29,37.95,25.51,312.02
9/10/2020,113.49,205.37,37,25.14,304.6
9/11/2020,112,204.03,36.9,25.5,301.48
9/14/2020,115.355,205.41,36.66,25.75,308.57
9/15/2020,115.54,208.78,36.27,25.28,307.23
9/16/2020,112.13,205.05,37.81,25.6,306.52
9/15/2021,149.03,304.82,56.42,40.14,417.52
9/17/2020,110.34,202.91,37.8,25.35,304.98
9/16/2021,148.79,305.22,55.82,40.45,416.84
9/18/2020,106.84,200.39,37.19,25.21,308.02
9/21/2020,110.08,202.54,36.43,24.47,299.19
9/22/2020,111.81,207.42,35.53,23.94,294.26
9/24/2020,108.22,203.19,34.32,23.34,292.66
9/24/2021,146.92,299.35,57.59,42.14,407.08
9/29/2020,114.09,207.26,34.28,23.77,304.15
9/28/2021,141.91,283.52,59.92,43.16,398.62
9/30/2020,115.81,210.33,34.33,24.09,311.77
10/2/2020,113.02,206.19,32.98,24.21,311.98
10/1/2021,142.65,289.1,60.93,43.08,392.43
10/6/2020,113.16,205.91,33.39,24.37,314.45
10/7/2020,115.08,209.83,33.5,24.88,323.17
10/6/2021,142,293.11,60.49,44.24,394.25
10/9/2020,116.97,215.81,34.74,25.36,327.84
10/8/2021,142.9,294.85,62.18,44.34,408.46
10/13/2020,121.1,222.86,34.22,24.95,331.42
10/11/2021,142.81,294.23,61.56,43.78,404.99
10/15/2020,120.71,219.66,34.45,24.15,324.57
10/16/2020,119.02,219.66,34.1,24.24,329.9
10/14/2021,143.76,302.75,62,45.07,420.36
10/15/2021,144.84,304.21,62.59,46.37,428.07
10/18/2021,146.55,307.29,62.56,46.28,424.62
10/23/2020,115.04,216.23,34.16,24.9,330.6
10/19/2021,148.76,308.23,63.5,46.48,424.38
10/27/2020,116.6,213.25,32.82,23.85,320.51
10/21/2021,149.48,310.76,62.69,46.83,442.28
10/29/2020,115.32,204.72,32.97,23.54,303.68
10/30/2020,108.86,202.47,32.62,23.7,305.14
11/4/2020,114.95,216.39,33.23,23.68,354.56
10/26/2021,149.32,310.11,65.84,47.96,454.64
10/27/2021,148.85,323.17,64.13,47.04,453.48
10/28/2021,152.57,324.35,64.31,47.78,455.44
11/16/2020,120.3,217.23,38.16,27.58,356.82
11/17/2020,119.39,214.46,38.67,27.55,352.1
11/2/2021,150.02,333.13,64.82,47.88,452.04
11/18/2020,118.03,211.08,37.21,26.98,344.51
11/3/2021,151.49,334,63.93,48.37,457.33
11/4/2021,150.96,336.44,64.41,47.33,456.76
11/19/2020,118.64,212.42,37.4,26.98,337
11/24/2020,115.17,213.86,41.98,28.98,336.01
11/9/2021,150.81,335.95,66.36,46.88,464.35
11/25/2020,116.03,213.87,40.81,29.03,333.19
11/27/2020,116.59,215.23,40.19,28.99,337.94
11/30/2020,119.05,214.07,38.13,28.16,336.34
11/15/2021,150,336.07,64.37,47.05,450.8
11/16/2021,151,339.51,65.02,47.08,449.62
12/2/2020,123.08,215.37,39.94,29.06,347.56
11/18/2021,157.87,341.27,63.61,46.32,449.47
12/4/2020,122.25,214.36,41.68,29.29,349.89
11/19/2021,160.55,343.11,60.67,45.4,440
11/22/2021,161.02,339.83,61.51,46.28,437.54
12/7/2020,123.75,214.29,40.9,29.09,347.86
11/23/2021,161.41,337.68,63.13,47.5,447.13
12/8/2020,124.38,216.01,42.24,28.93,347.86
12/9/2020,121.78,211.8,42.8,28.8,344.41
12/14/2020,121.78,214.2,42.22,28.22,336.13
12/17/2020,128.7,219.42,43.48,28.83,341.67
12/18/2020,126.655,218.59,42.73,28.67,338.38
12/21/2020,128.23,222.59,41.95,29.74,336.08
12/22/2020,131.88,223.94,41.24,29.21,335.01
12/23/2020,130.96,221.02,41.77,30.05,337.59
12/10/2021,179.45,342.54,63.01,44.52,478.23
12/30/2020,133.72,221.68,41.6,29.98,344.99
12/31/2020,132.69,222.42,41.22,30.31,350.68
1/5/2021,131.01,217.9,43.5,30.26,344.8
12/16/2021,172.26,324.9,61.37,45,492.86
12/17/2021,171.14,323.8,60.03,43.88,487.12
12/20/2021,169.75,319.91,59.16,43.16,483.73
12/21/2021,172.99,327.29,60.5,44.19,487.21
12/22/2021,175.64,333.2,60.99,44.28,494.13
1/6/2021,126.6,212.25,44.61,32.15,359.27
12/27/2021,180.33,342.45,61.89,44.64,499.5
12/28/2021,179.29,341.25,61.69,44.7,502.94
12/29/2021,179.38,341.95,61.15,44.63,505.58
12/31/2021,177.57,336.32,61.19,44.49,502.14
1/3/2022,182.01,334.75,63.54,46.18,502.28
1/4/2022,179.7,329.01,65.93,47.99,490.9
1/5/2022,174.92,316.38,66.75,47.18,489.69
1/6/2022,172,313.88,68.32,48.13,469.65
1/7/2022,172.17,314.04,68.88,49.18,458.6
1/10/2022,172.19,314.27,68.47,48.93,465
1/11/2022,175.08,314.98,71.35,49.21,469
1/13/2021,130.89,216.34,48.42,33.46,355.04
1/15/2021,127.14,212.65,47.89,33.01,351.3
1/14/2022,173.07,310.2,71.87,47.91,468.69
1/18/2022,169.8,302.65,73.08,46.26,460.99
1/19/2022,166.23,303.33,73.11,46.44,462.52
1/19/2021,127.83,216.44,48.84,32.77,352.19
1/20/2022,164.51,301.6,73.27,45.75,463
1/21/2022,162.41,296.03,72.17,44.92,461.17
1/24/2022,161.62,296.37,72.79,44.55,462.27
1/26/2022,159.69,296.71,74.17,45.9,458.43
1/21/2021,136.87,224.97,48.11,31.77,355
1/28/2022,170.33,308.26,75.28,45.87,466.06
1/31/2022,174.78,310.98,75.96,46.14,472.57
2/4/2022,172.39,305.94,81.41,48.28,483.17
2/2/2021,134.99,239.51,45.63,31.03,338.72
2/8/2022,174.83,304.56,80.26,49.38,493.41
2/3/2021,133.94,243,47.42,31.58,337.89
2/9/2022,176.28,311.21,79,49.28,498.1
2/10/2022,172.12,302.38,78.24,49.05,486.72
2/11/2022,168.64,295.04,80.21,47.92,478.13
2/5/2021,136.76,242.2,49.95,32.37,324.51
2/15/2022,172.79,300.47,77.99,47.79,478.23
2/16/2022,172.55,299.5,78.35,47.68,480.05
2/8/2021,136.91,242.47,52.1,33.09,324.34
2/9/2021,136.01,243.77,50.63,32.95,329.63
2/18/2022,167.3,287.93,77.36,45.96,467.81
2/16/2021,133.19,243.7,52.04,34.27,324.62
2/24/2022,162.74,294.59,75.8,43.6,455.89
2/18/2021,129.71,243.79,52.02,34.19,328.41
2/19/2021,129.87,240.97,52.37,34.54,324.58
2/23/2021,125.86,233.27,55.05,35.52,329.51
2/24/2021,125.35,234.55,56.7,36.38,332.21
3/7/2022,159.3,278.91,87.12,38.34,486.87
2/28/2020,273.36,162.01,51.44,28.5,254.96
3/9/2022,162.95,288.5,82.79,41.04,485.57
3/10/2022,158.52,285.59,85.36,40.67,491.44
3/3/2020,289.32,164.51,51.3,27.75,261.4
3/11/2022,154.73,280.07,84.92,40.33,482.87
3/4/2021,120.13,226.73,58.71,36.5,333.81
3/5/2021,121.42,231.6,60.93,36.93,347.1
3/8/2021,116.36,227.39,60.87,37.13,350.17
3/17/2022,160.62,295.22,78.98,43.03,507.02
3/9/2021,121.085,233.78,59.93,36.32,351.98
3/10/2021,119.98,232.42,61.77,37.37,349.6
3/21/2022,165.38,299.16,82.2,42.84,507.66
3/11/2021,121.96,237.13,61.31,37.24,353.1
3/23/2022,170.21,299.49,83.13,43.09,503.23
3/15/2021,123.99,234.81,60.39,37.75,353.88
3/25/2022,174.72,303.68,85.2,43.73,513.03
3/16/2021,125.57,237.71,59.11,37.64,354.6
3/18/2021,120.53,230.72,56.81,38.94,362.05
3/30/2022,177.77,313.86,83.78,43,520.82
3/19/2021,119.99,230.35,56.49,38.53,365.58
3/31/2022,174.61,308.31,82.59,41.22,509.97
3/22/2021,123.39,235.99,55.91,37.66,366.86
4/4/2022,178.44,314.97,83.16,40.83,510.02
3/24/2021,120.09,235.46,56.34,36.9,370.6
3/26/2021,121.21,236.48,57.71,38.68,376.48
3/29/2021,121.39,235.24,57.4,38.31,379.06
4/8/2022,170.09,296.97,86.84,39.67,545.96
3/30/2021,119.9,231.85,56.69,38.99,373.56
3/31/2021,122.15,235.77,55.83,38.69,372.07
4/1/2021,123,242.35,57.39,39.49,367.07
4/6/2021,126.21,247.86,56.34,39.69,364.37
4/18/2022,165.07,280.52,88.55,38.85,534.08
4/7/2021,127.9,249.9,56.59,40.05,365.64
4/8/2021,130.36,253.25,56,39.7,364.89
4/12/2021,131.24,255.91,55.5,40.06,376.28
4/22/2022,161.79,274.03,85.13,37.56,520.94
4/13/2021,134.43,258.49,55.71,39.32,374.5
4/26/2022,156.8,270.22,82.29,36.45,513.78
4/15/2021,134.5,259.5,56.98,38.74,390.01
4/16/2021,134.16,260.74,56.66,39.15,391.01
4/29/2022,157.65,277.52,85.25,35.68,508.55
4/19/2021,134.84,258.74,56.48,39.17,389.84
4/20/2021,133.11,258.26,55.29,38.08,396.53
4/22/2021,131.94,257.17,55.27,38.36,396.54
4/23/2021,134.32,261.15,55.57,39.18,400.31
5/6/2022,157.28,274.73,91.69,37.45,499.62
4/26/2021,134.72,261.55,55.68,39.41,395.86
4/29/2021,133.48,252.51,58.94,41.11,401.55
5/4/2021,127.85,247.79,59.19,41,411.34
5/5/2021,128.1,246.47,60.97,41.39,412.5
5/16/2022,145.54,261.5,90.95,34.81,489.22
5/6/2021,129.74,249.73,61.55,42.01,414.97
5/7/2021,130.21,252.46,62.43,42.18,417.65
5/19/2022,137.35,253.14,91.14,34.45,478.55
5/10/2021,126.85,247.18,62.58,42.05,420.89
5/12/2021,122.77,239,60.04,41.18,405.37
5/24/2022,140.36,259.62,94.4,35.65,497.56
5/13/2021,124.97,243.03,59.3,41.84,408.56
5/14/2021,127.45,248.15,60.77,42.36,409.8
5/17/2021,126.27,245.18,62.19,42.74,408.63
5/27/2022,149.64,273.24,97.59,37.02,507.11
5/18/2021,124.85,243.08,60.43,42.16,410.38
6/1/2022,148.71,272.42,97.84,36.67,492.55
5/19/2021,124.69,243.12,58.98,41.97,409.5
6/2/2022,151.21,274.58,97.67,36.7,492.26
5/21/2021,125.43,245.17,58.92,42.4,411.63
5/24/2021,127.1,250.78,59.61,42.63,410.95
5/25/2021,126.9,251.72,58.26,42.01,413.05
6/8/2022,147.96,270.41,104.59,35.89,493.53
5/26/2021,126.85,251.49,58.94,42.04,413.21
5/27/2021,125.28,249.31,58.56,42.55,412.7
5/28/2021,124.61,249.68,58.37,42.39,411.92
6/14/2022,132.76,244.49,96.1,31.46,461.75
6/1/2021,124.28,247.4,60.46,42.92,406.72
6/15/2022,135.43,251.76,94.89,32.05,464.33
6/2/2021,125.06,247.3,60.94,42.94,405.85
6/17/2022,131.56,247.65,86.12,31.92,452.06
6/4/2021,125.89,250.79,61.45,43.27,405.64
6/7/2021,125.9,253.81,61.05,43.12,400.25
6/8/2021,126.74,252.57,62.13,42.88,401.74
6/9/2021,127.13,253.59,62.65,42.32,401.1
6/27/2022,141.66,264.89,89.03,32.35,505.66
6/28/2022,137.44,256.48,91.5,32.26,508.44
6/11/2021,127.35,257.89,62.17,41.86,397.89
6/14/2021,130.48,259.89,62.07,41.36,399.16
6/15/2021,129.64,258.36,64.33,41.39,400.28
6/21/2021,132.3,262.63,62.59,39.75,398.07
6/22/2021,133.98,265.51,63.79,39.97,398.69
7/8/2022,147.04,267.66,86.08,31.79,518.63
7/11/2022,144.87,264.51,85.64,31.46,516.95
6/24/2021,133.41,266.69,64.52,40.83,398.87
7/13/2022,145.49,252.72,84.84,30.84,501.24
6/28/2021,134.78,268.72,63.01,41.56,401.46
7/14/2022,148.47,254.08,83.14,30.13,502.43
7/15/2022,150.17,256.72,84.54,32.25,529.75
6/30/2021,136.96,270.9,63.08,41.23,400.44
7/2/2021,139.96,277.65,63.17,41.15,409.36
7/6/2021,142.02,277.66,61.37,40.07,410.26
7/21/2022,155.35,264.84,87.75,33.65,522.46
7/22/2022,154.09,260.36,87.08,33.43,521.41
7/7/2021,144.57,279.93,60.41,39.75,411.66
7/8/2021,143.24,277.42,60.14,38.78,409.95
7/9/2021,145.11,277.94,61.23,40.04,412.11
7/12/2021,144.5,277.32,61.17,40.63,416.04
7/29/2022,162.51,280.74,96.93,33.81,542.34
8/1/2022,161.51,278.01,94.48,33.71,535.38
7/15/2021,148.48,281.03,58.95,38.83,420.05
8/2/2022,160.01,274.82,94.07,33.04,535.46
8/3/2022,166.13,282.47,91.02,33.64,540.65
7/16/2021,146.39,280.75,57.32,37.92,419.7
7/19/2021,142.45,277.01,55.35,36.93,409.06
7/20/2021,146.15,279.32,55.96,37.69,412.97
8/8/2022,164.87,280.32,88.95,33.49,536.6
7/21/2021,145.4,281.4,57.76,38.46,414.64
7/22/2021,146.8,286.14,57.11,37.96,415.77
7/26/2021,148.99,289.05,58.48,38.13,413.54
7/28/2021,144.98,286.22,58.22,38.13,409.17
7/30/2021,145.86,284.91,57.57,38.36,412.22
8/17/2022,174.55,291.32,92.2,36.41,545
8/2/2021,145.52,284.82,57.58,37.96,415.57
8/19/2022,171.52,286.15,94.08,35.48,548.32
8/3/2021,147.36,287.12,58.2,38.55,421.9
8/4/2021,146.95,286.51,56.84,38.27,421.54
8/23/2022,167.23,276.44,98,34.41,535.8
8/24/2022,167.53,275.79,98.58,34.52,536.46
8/6/2021,146.14,289.46,57.86,40.15,415.12
8/26/2022,163.62,268.09,97.87,34.03,529.25
8/9/2021,146.09,288.33,57.2,40.67,410.87
8/29/2022,161.38,265.23,100.12,33.9,529.77
8/30/2022,158.91,262.97,96.31,34.09,522.84
8/10/2021,145.6,286.44,58.18,41.43,411.78
9/1/2022,157.96,260.4,93.87,33.47,524
8/13/2021,149.1,292.85,56.77,41.63,409.67
8/16/2021,151.12,294.6,55.94,41.29,417.21
8/17/2021,150.19,293.08,55.56,41.09,421.78
9/8/2022,154.46,258.52,94.91,34.65,527.51
9/12/2022,163.43,266.65,97.61,35.27,531.25
8/24/2021,149.62,302.62,55.36,41.48,423.41
9/14/2022,155.31,252.22,97.67,33.87,509.77
8/25/2021,148.36,302.01,55.46,42.15,419.74
9/15/2022,152.37,245.38,94.83,34.51,522.91
9/16/2022,150.7,244.74,93.21,34.12,521.02
9/19/2022,154.48,244.52,93.2,34.69,523.55
8/27/2021,148.6,299.72,55.77,42.49,418.76
9/20/2022,156.9,242.45,92.44,34.17,522.8
9/21/2022,153.72,238.95,90.95,33.15,512.08
9/1/2021,152.51,301.83,53.77,41.19,417.35
9/2/2021,153.65,301.15,55.08,41.02,423.71
9/3/2021,154.3,301.14,54.87,41.05,422.86
9/27/2022,151.76,236.41,85.74,30.57,508.37
9/7/2021,156.69,300.18,54.55,41.32,421.24
9/29/2022,142.48,237.5,88.68,30.66,508.83
9/8/2021,155.11,300.21,54.05,40.78,415.39
9/9/2021,154.07,297.25,54.09,40.93,414.55
9/10/2021,148.97,295.71,53.98,40.27,403.91
9/13/2021,149.55,296.99,55.37,40.94,414.52
9/14/2021,148.12,299.79,54.58,39.84,412.54
9/17/2021,146.06,299.87,55.16,40.5,420.16
10/10/2022,140.42,229.25,98.84,30.66,498.86
9/20/2021,142.94,294.3,53.69,39.11,412.7
10/12/2022,138.34,225.75,98.43,29.86,499.96
9/21/2021,143.43,294.8,53.64,39.13,412.34
10/13/2022,142.99,234.24,101.87,31.69,509.91
9/22/2021,145.85,298.58,55.21,40.14,408.7
10/17/2022,142.41,237.53,100.62,33.62,521.88
9/23/2021,146.83,299.56,57.08,41.69,408.03
10/18/2022,143.75,238.5,100.8,34.88,522.21
9/27/2021,145.37,294.17,59.3,43.26,405.27
10/20/2022,143.39,236.15,103.93,33.7,520.88
9/29/2021,142.83,284,59.88,43.07,400.41
10/24/2022,149.45,247.25,106.6,35.07,541.6
10/25/2022,152.34,250.66,105.88,35.39,540.22
9/30/2021,141.5,281.92,58.82,42.45,390.74
10/27/2022,144.8,226.75,107.55,35.87,541.8
10/4/2021,139.14,283.11,61.72,43.34,387.01
10/31/2022,153.34,232.13,110.81,36.04,555.15
11/1/2022,150.65,228.17,111.91,36.2,547.31
10/5/2021,141.11,288.76,61.62,44.22,393.43
11/3/2022,138.88,214.25,111.1,35.89,543.61
11/4/2022,138.38,221.39,112.31,36.79,538.17
10/7/2021,143.29,294.85,60.66,44.12,404.7
11/8/2022,139.5,228.87,114,37.11,553.05
11/9/2022,134.87,224.51,108.9,36.52,540.66
11/10/2022,146.87,242.98,110.5,38.13,544.17
11/11/2022,149.7,247.11,113.95,38.41,522.08
11/14/2022,148.28,241.55,113.37,37.76,513.75
11/15/2022,150.04,241.97,114.13,37.7,503.01
11/16/2022,148.79,241.73,112.91,37.36,511.52
10/12/2021,141.51,292.88,61.24,43.54,403.24
11/18/2022,151.29,241.22,112.08,37.19,530
11/21/2022,148.01,242.05,110.97,37.31,517.19
10/13/2021,140.91,296.31,61.07,43.14,403.55
11/22/2022,150.18,245.03,114.18,37.49,523.09
11/23/2022,151.07,247.58,113.61,37.61,529.71
11/25/2022,148.11,247.49,113.21,37.7,537.62
11/28/2022,144.22,241.76,109.81,36.86,532.27
11/29/2022,141.17,240.33,110.54,37,528
11/30/2022,148.03,255.14,111.34,37.85,547.76
12/1/2022,148.31,254.69,110.8,36.55,536.91
10/20/2021,149.26,307.41,63.85,47.09,435.09
12/5/2022,146.63,250.2,106.85,34.47,535.04
12/6/2022,142.91,245.12,103.88,33,539.32
12/7/2022,140.94,244.37,103.65,32.74,542.91
12/8/2022,142.65,247.4,104.42,32.44,547.92
12/9/2022,142.16,245.42,103.54,32.38,539.2
12/12/2022,144.49,252.51,106.09,32.73,545.86
12/13/2022,145.47,256.92,107.25,32.75,538.22
12/14/2022,143.21,257.22,106.46,32.28,538.36
12/15/2022,136.5,249.01,105.44,31.77,527.68
12/16/2022,134.51,244.69,104.7,31.7,523.7
12/20/2022,132.3,241.8,106.69,32.19,520.21
12/21/2022,135.45,244.43,108.06,32.68,527.54
12/23/2022,131.86,238.73,108.68,32.47,531.31
12/27/2022,130.03,236.96,110.19,32.53,531.99
12/28/2022,126.04,234.53,108.38,32.77,528.45
12/29/2022,129.61,241.01,109.2,33.14,529.88
12/30/2022,129.93,239.82,110.3,33.12,530.18
10/22/2021,148.69,309.16,63.12,47.57,449.16
1/4/2023,126.36,229.1,106.82,34.14,504.5
1/5/2023,125.02,222.31,109.21,34.07,489.96
1/6/2023,129.62,224.93,110.53,34.41,490
1/9/2023,130.15,227.12,108.47,33.89,490.06
1/11/2023,133.49,235.77,111.37,34.38,493.4
10/25/2021,148.64,308.13,64.35,47.51,449.49
1/13/2023,134.76,239.23,113.15,35.23,489.57
1/17/2023,135.94,240.35,112.93,34.52,485.08
1/18/2023,135.21,235.81,110.61,33.72,476.24
1/19/2023,135.27,231.93,111.32,33.23,484.36
1/20/2023,137.87,240.22,113.35,33.85,486.72
1/23/2023,141.11,242.58,112.76,34.32,485.81
1/24/2023,142.53,242.04,113.81,34.57,491.6
1/25/2023,141.86,240.61,113.21,34.87,492.5
1/27/2023,145.93,248.16,115.61,35.45,486.05
1/31/2023,144.29,247.81,116.01,35.48,499.19
2/1/2023,145.43,252.75,114.74,35.92,497
2/2/2023,150.82,264.6,111.15,36.13,470.83
2/3/2023,154.5,258.35,111.92,36.43,472.02
2/6/2023,151.73,256.77,111.73,36.37,475.24
2/7/2023,154.65,267.56,114.92,36.77,476.88
2/10/2023,151.01,263.1,119.17,35.58,494.25
2/13/2023,153.85,271.32,117.8,35.65,495.35
2/14/2023,153.2,272.17,116.42,35.62,492.83
10/29/2021,149.8,331.62,64.47,47.78,460.47
2/16/2023,153.71,262.15,115.73,35.28,487.35
2/17/2023,152.55,258.06,111.28,35.35,499.08
2/21/2023,148.48,252.67,111.17,34.52,491.31
2/23/2023,149.4,254.77,110.74,34.26,491.69
2/24/2023,146.71,249.22,110.75,34.21,484.33
2/27/2023,147.92,250.16,110.55,34.21,483.32
11/1/2021,148.96,329.37,65.63,47.85,454.11
3/1/2023,145.31,246.27,110.89,34.14,475.22
3/2/2023,145.91,251.11,111.4,33.49,477.7
3/3/2023,151.03,255.29,112.81,34.16,478.56
3/6/2023,153.83,256.87,113.81,34.09,480.78
3/7/2023,151.6,254.15,111.61,33,473.88
3/8/2023,152.87,253.7,109.98,32.56,470.6
3/9/2023,150.59,252.32,109.13,30.54,464.91
3/10/2023,148.5,248.59,107.78,30.27,460.33
3/13/2023,150.47,253.92,106.54,28.51,463.68
3/14/2023,152.59,260.79,106.94,28.76,464.58
3/15/2023,152.99,265.44,101.62,28.49,465.43
3/16/2023,155.85,276.2,101.03,28.97,472.02
3/20/2023,157.4,272.23,102.45,27.75,476.96
3/21/2023,159.28,273.78,107.04,28.59,480.1
3/22/2023,157.83,272.29,104.59,27.64,475.52
3/23/2023,158.93,277.66,103.41,26.97,469.91
3/24/2023,160.25,280.57,103.53,27.14,475.99
3/27/2023,158.28,276.38,105.8,28.49,481.9
3/29/2023,160.77,280.51,108.96,28.67,466.59
4/3/2023,166.17,287.23,116.13,28.59,494.19
4/4/2023,165.63,287.18,115.02,27.98,493.25
11/5/2021,151.28,336.06,65.02,46.97,455.81
4/10/2023,162.03,289.39,114.54,27.94,515.18
4/11/2023,160.8,282.83,115.35,28.71,520.97
11/8/2021,150.44,336.99,65.72,47.34,462.62
4/13/2023,165.56,289.84,115.77,28.56,526.23
4/14/2023,165.21,286.14,116.05,29.52,511.79
4/18/2023,166.47,288.37,116.94,30.56,504.48
11/10/2021,147.92,330.8,64.19,47.23,459.9
4/24/2023,165.33,281.77,118.2,29.76,488.94
4/25/2023,163.77,275.42,116.52,28.84,491.92
4/26/2023,163.76,295.37,115.45,28.44,482.95
4/27/2023,168.41,304.83,116.83,28.89,490.47
4/28/2023,169.68,307.26,118.34,29.28,492.09
5/1/2023,169.59,305.56,114.67,29.04,495.7
11/11/2021,147.87,332.43,64.31,47.49,457.39
5/3/2023,167.45,304.4,107.93,27.86,489.44
5/4/2023,165.79,305.41,106.04,26.99,487.28
11/12/2021,149.99,336.72,63.82,46.91,458.99
5/9/2023,171.77,307,109.14,27.66,490.38
5/10/2023,173.555,312.31,107.74,27.32,490.07
5/11/2023,173.75,310.11,105.79,27.39,488.76
5/12/2023,172.57,308.97,105.78,27.09,491.23
5/15/2023,172.07,309.46,105.07,27.65,486.86
5/16/2023,172.07,311.74,102.52,27.36,479.72
5/17/2023,172.69,314,104.82,28.57,484.81
5/18/2023,175.05,318.52,105.77,28.47,479.23
5/19/2023,175.16,318.34,106.26,28.11,478.82
5/22/2023,174.2,321.18,104.97,28.34,480.62
5/23/2023,171.56,315.26,106.4,28.58,479.44
5/24/2023,171.84,313.85,107.59,28.1,480.83
5/26/2023,175.43,332.89,104.97,28.31,481.52
5/30/2023,177.3,331.21,104.04,28.26,479.85
5/31/2023,177.25,328.39,102.18,27.79,487.24
6/1/2023,180.09,332.58,103.36,27.78,493.63
6/2/2023,180.95,335.4,105.76,28.71,499.58
6/5/2023,179.58,335.94,105.29,28.54,498.19
6/7/2023,177.82,323.38,108.53,29.48,482.13
6/8/2023,180.57,325.26,108.19,29.23,490.23
6/9/2023,180.96,326.79,107.39,29.27,493.62
6/12/2023,183.79,331.85,106.42,29.13,492.59
6/13/2023,183.31,334.29,106.44,29.4,491.31
6/14/2023,183.95,337.34,105.16,29.12,459.86
11/17/2021,153.49,339.12,64.31,46.51,448.95
6/20/2023,185.01,338.05,102.72,28.87,469.39
6/21/2023,183.96,333.56,103.87,28.57,476.75
6/22/2023,187,339.71,103.3,27.96,479.05
6/26/2023,185.27,328.6,104.29,28.09,479.06
6/27/2023,188.06,334.57,104.55,28.24,482.56
6/28/2023,189.25,335.85,105.4,28.07,474.45
6/30/2023,193.97,340.54,107.25,28.69,480.64
7/6/2023,191.81,341.27,102.92,28.28,469.36
7/7/2023,190.68,337.22,103.16,28.53,461.58
7/11/2023,188.08,332.47,105.97,29.02,462.89
7/12/2023,189.77,337.2,106.49,29.36,451.7
11/24/2021,161.94,337.91,63.48,47.63,450.16
7/17/2023,193.99,345.73,101.38,29.4,484.08
7/18/2023,193.73,359.49,100.92,30.7,500
7/19/2023,195.1,355.08,101.62,31.53,503.7
11/26/2021,156.81,329.68,61.25,45.76,439.91
7/24/2023,192.75,345.11,105.52,32.65,508.68
7/25/2023,193.62,350.98,105.68,32.15,510.93
7/26/2023,194.5,337.77,105.09,32.41,508
7/27/2023,193.22,330.72,105.42,31.95,505.23
7/28/2023,195.83,338.37,104.16,31.9,502.91
7/31/2023,196.45,335.92,107.24,32,506.37
11/29/2021,160.24,336.63,61.59,45.59,452
8/3/2023,191.17,326.66,107.12,31.41,504.86
8/4/2023,181.99,327.78,107.42,31.3,502.73
11/30/2021,165.3,330.59,59.84,44.47,444.22
8/8/2023,179.8,326.05,107.73,31.27,505.86
8/10/2023,177.97,322.93,110.12,30.94,503.48
8/11/2023,177.79,321.01,111.83,31.29,508.01
12/1/2021,164.77,330.08,59.79,43.84,444.34
8/15/2023,177.45,321.86,108.16,29.94,506.69
8/16/2023,176.57,320.4,106.34,29.29,503.56
8/17/2023,174,316.88,108.4,29.28,493.96
8/18/2023,174.49,316.48,110.04,29.11,498.44
8/21/2023,175.84,321.88,108.71,29.15,497.68
8/22/2023,177.23,322.46,108.1,28.44,492.34
8/23/2023,181.12,327,107.15,28.45,489.44
12/2/2021,163.76,329.49,61.28,44.89,446.02
8/28/2023,180.19,323.7,109.16,28.76,491.28
8/29/2023,184.12,328.41,109.81,29.17,492.83
8/30/2023,187.65,328.79,110.88,29.04,491.53
8/31/2023,187.87,327.76,111.19,28.67,476.58
9/1/2023,189.46,328.66,113.52,28.98,476.24
9/5/2023,189.7,333.55,113.53,28.65,480.81
9/7/2023,177.56,329.91,113.95,28.13,484.81
9/8/2023,178.18,334.27,115.61,28.36,480.77
9/11/2023,179.36,337.94,114.16,28.48,479.38
9/12/2023,176.3,331.77,117.49,28.97,479.9
12/3/2021,161.84,323.01,60.89,43.87,449.32
9/14/2023,175.74,338.7,118.52,29.2,483.6
9/15/2023,175.01,330.22,116.7,28.84,486.7
9/18/2023,177.97,329.06,117.64,28.76,486.06
9/19/2023,179.07,328.65,117.33,28.65,480.66
9/20/2023,175.49,320.77,116.4,28.55,492.13
9/22/2023,174.79,317.01,114.94,27.64,506.1
9/25/2023,176.08,317.54,116.23,27.6,510.28
9/26/2023,171.96,312.14,116.41,27.17,505.45
9/27/2023,170.43,312.79,120.2,27.27,503.73
12/6/2021,165.32,326.19,61.58,44.15,460.11
9/29/2023,171.21,315.75,117.58,27.38,504.19
10/2/2023,173.75,321.8,115.63,26.7,514.57
10/4/2023,173.66,318.955,111.5,25.94,510.62
10/5/2023,174.91,319.36,108.99,26.06,516.23
12/7/2021,171.18,334.92,62.27,44.71,464.73
10/10/2023,178.39,328.39,110.45,27.01,524.24
10/11/2023,179.8,332.42,106.49,27.02,524.13
10/12/2023,180.71,331.16,106.47,26.9,525.54
10/13/2023,178.85,327.73,109.87,26.76,539.4
10/16/2023,178.72,332.64,109.95,26.99,538.03
12/8/2021,175.08,334.97,62.45,44.16,468.86
10/18/2023,175.84,330.11,112.95,27.31,536.06
10/19/2023,175.46,331.32,113.02,26.96,531.63
10/23/2023,173,329.32,109.45,25.57,521.57
10/24/2023,173.44,330.53,108.39,25.47,525
10/25/2023,171.1,340.67,108.59,25.55,530.21
10/26/2023,166.89,327.89,107.6,26.12,528.36
10/27/2023,168.22,329.81,105.55,25.17,524.66
12/9/2021,174.56,333.1,62.61,44.49,473.32
11/1/2023,173.97,346.07,105.64,26.4,531.6
11/3/2023,176.65,352.8,107.78,28.42,530.9
11/6/2023,179.23,356.53,105.87,28.33,533.46
11/7/2023,181.82,360.53,104.21,28.16,537.83
12/13/2021,175.74,339.4,61.63,43.58,478.14
11/9/2023,182.41,360.69,102.96,27.53,539
11/13/2023,184.8,366.68,104.84,27.7,542.57
12/14/2021,174.33,328.34,61.54,44.13,479.46
11/15/2023,188.01,369.67,103.66,29.62,538.41
11/16/2023,189.71,376.17,102.46,29.54,539.82
11/17/2023,189.69,369.85,104.96,29.98,536.29
12/15/2021,179.3,334.65,61.27,43.94,494.38
11/22/2023,191.31,377.85,104.01,29.63,543.76
11/24/2023,189.97,377.43,104.57,29.73,547.1
11/27/2023,189.79,378.61,103.96,29.56,543.59
11/28/2023,190.4,382.7,103.9,29.53,540.53
11/29/2023,189.37,378.85,102.34,30.31,534.98
11/30/2023,189.95,378.91,102.74,30.49,552.97
12/1/2023,191.24,374.51,102.99,30.96,547.16
12/4/2023,189.43,369.14,102.43,30.82,548.28
12/5/2023,193.42,372.52,100.44,30.58,550.26
12/6/2023,192.32,368.8,99.11,30.53,549.53
12/7/2023,194.27,370.95,98.42,30.66,548.27
12/8/2023,195.71,374.23,99.55,30.96,549.77
12/12/2023,194.71,374.38,98.05,30.74,545.72
12/13/2023,197.96,374.37,98.92,32.04,549.01
12/15/2023,197.57,370.73,100.9,33.6,531.12
12/18/2023,195.89,372.65,101.65,33.43,526.55
12/19/2023,196.94,373.26,102.99,33.51,524.04
12/20/2023,194.83,370.62,101.27,32.98,515.93
12/21/2023,194.68,373.54,101.73,33.2,519.88
12/22/2023,193.6,374.58,101.91,33.43,520.31
12/26/2023,193.05,374.66,102.14,33.86,520.03
12/27/2023,193.15,374.07,101.66,33.84,522.79
12/28/2023,193.58,375.28,100.19,33.88,524.9
12/29/2023,192.53,376.04,99.98,33.67,526.47
1/2/2024,185.64,370.87,102.36,33.9,539.34
12/23/2021,176.28,334.69,61.02,44.42,495.38
1/4/2024,181.91,367.94,102.32,33.8,545.42
1/5/2024,181.18,367.75,102.63,34.43,537.38
1/8/2024,185.56,374.69,100.92,34.16,536.52
1/9/2024,185.14,375.79,99.67,33.63,538.37
1/10/2024,186.19,382.77,98.69,33.6,537.64
1/11/2024,185.59,384.63,98.67,33.15,539.68
1/12/2024,185.92,388.47,99.95,32.8,521.51
1/16/2024,183.63,390.27,97.69,32.12,519.15
1/17/2024,182.68,389.47,96.98,31.8,524.94
1/18/2024,188.63,393.87,96.8,31.73,516.34
1/19/2024,191.56,398.67,96.95,32.22,503.56
1/22/2024,193.89,396.51,96.82,32.55,512.99
1/24/2024,194.5,402.56,99.6,32.98,513.23
1/26/2024,192.42,403.93,103,33.43,503.2
1/29/2024,191.73,409.72,103.13,33.61,504.54
12/30/2021,178.2,339.32,60.79,44.53,504.43
1/31/2024,184.4,397.58,102.81,34.01,511.74
2/1/2024,186.86,403.78,102.39,33.55,507.14
2/2/2024,185.85,411.22,101.97,33.47,510.23
2/5/2024,187.68,405.65,101.55,32.99,502.96
2/6/2024,189.3,405.49,102.25,33.04,510.67
2/7/2024,189.41,414.05,102.22,33.18,519.39
2/8/2024,188.32,414.11,103.97,33.12,520.09
2/12/2024,187.15,415.26,103.17,33.62,517.64
2/13/2024,185.04,406.32,101.34,32.75,516.85
2/14/2024,184.15,409.49,100.84,33.13,516.94
2/15/2024,183.86,406.56,103.73,34.07,520.88
2/16/2024,182.31,404.06,103.73,34.09,521.55
2/20/2024,181.56,402.79,102.75,33.96,521.06
2/21/2024,182.32,402.18,104.85,33.7,521.97
2/23/2024,182.52,410.34,103.84,33.92,527.24
2/26/2024,181.16,407.54,104.25,33.61,525.32
2/27/2024,182.63,407.48,104.03,34.28,513.42
2/28/2024,181.42,407.72,104.32,34.31,498.28
2/29/2024,180.75,413.64,104.52,34.52,493.6
3/1/2024,179.66,415.5,105.84,34.35,489.53
3/4/2024,175.1,414.92,104.36,35.15,481.87
3/5/2024,170.12,402.65,105.64,35.39,473.15
3/6/2024,169.12,402.09,106.77,35.42,472.6
3/7/2024,169,409.14,107.37,35.63,478.78
3/8/2024,170.73,406.22,108.38,35.6,476.57
3/11/2024,172.75,404.52,109.02,35.89,489.15
3/12/2024,173.23,415.28,108.32,35.96,489.35
3/13/2024,171.13,415.1,109.53,36.08,488
3/15/2024,172.62,416.42,111.27,35.41,490.82
3/18/2024,173.72,417.32,112.3,36.01,487.05
1/12/2022,175.53,318.27,71.14,48.86,473.72
3/21/2024,171.37,429.37,113.49,37.51,491.69
1/13/2022,172.19,304.8,70.63,48.76,467.43
3/25/2024,170.85,422.86,114.65,36.86,485.88
3/26/2024,169.71,421.65,113.79,37.09,492.31
3/27/2024,173.31,421.43,114.97,37.81,493.1
3/28/2024,171.48,420.72,116.24,37.92,494.7
4/1/2024,170.03,424.57,116.99,37.52,489.7
4/3/2024,169.65,420.45,119.3,37.44,459.74
4/4/2024,168.82,417.88,119.72,36.92,455.38
4/5/2024,169.58,425.52,121.37,37.11,455.74
4/9/2024,169.67,426.28,121.18,37.73,459.72
4/11/2024,175.04,427.93,121.79,36.35,441.72
4/12/2024,176.55,421.9,120.37,35.79,439.2
4/15/2024,172.69,413.64,119.68,35.95,445.63
4/16/2024,169.38,414.58,118.69,34.68,468.89
4/17/2024,168,411.84,118.63,35.23,478.99
4/18/2024,167.04,404.27,118.52,35.77,493.18
4/19/2024,165,399.12,119.88,36.97,501.13
4/22/2024,165.84,400.96,120.56,37.73,491.23
4/23/2024,166.9,407.57,121.03,38.37,486.18
1/25/2022,159.78,288.49,74.93,45.43,456.84
4/25/2024,169.89,399.04,121.33,37.91,493.86
4/26/2024,169.3,406.32,117.96,37.83,495.35
4/29/2024,173.5,402.25,119.64,37.55,489.03
5/1/2024,169.3,394.94,116.03,36.95,484.11
5/2/2024,173.03,397.84,116.24,36.88,492.97
5/3/2024,183.38,406.66,116,37.25,492.45
5/6/2024,181.71,413.54,116.75,37.69,494.38
1/27/2022,159.22,299.84,75.12,45.47,461.6
5/9/2024,184.57,412.32,118.44,38.28,507.03
5/10/2024,183.05,414.74,117.96,38.45,512.81
5/13/2024,186.28,413.72,117.91,38.21,511.74
5/14/2024,187.43,416.56,117.67,38.49,513.88
5/15/2024,189.72,423.08,118.58,38.91,517.55
5/16/2024,189.84,420.99,117.87,39.22,521.27
2/1/2022,174.61,308.76,80.83,46.94,468.41
5/20/2024,191.04,425.34,118.67,38.82,517.23
2/2/2022,175.84,313.46,80.62,46.89,479.78
5/23/2024,186.88,427,113.51,39.17,516.83
5/28/2024,189.99,430.32,114.86,39.32,503.68
5/29/2024,190.29,429.17,113.63,38.72,484.72
2/3/2022,172.9,301.25,79.68,46.43,488.77
6/3/2024,194.03,413.52,114.45,39.88,497.44
6/4/2024,194.35,416.07,112.67,39.68,505.49
6/5/2024,195.87,424.01,113.12,39.96,503.12
6/6/2024,194.48,424.52,113.97,39.7,501.92
2/7/2022,171.66,300.95,82.39,48.51,483.7
6/11/2024,207.15,432.68,112.17,38.86,496.22
6/12/2024,213.07,441.06,110.93,39.41,493.07
6/13/2024,214.24,441.58,110.04,39.26,497.3
6/17/2024,216.67,448.37,108.36,39.51,489.23
6/18/2024,214.29,446.34,109.38,39.99,481.05
6/20/2024,209.68,445.7,111.74,39.99,484.52
6/21/2024,207.49,449.78,110.76,39.49,482.59
6/24/2024,208.14,447.67,114.05,40.02,489.98
6/26/2024,213.25,452.16,114.41,39,484.04
6/27/2024,214.1,452.85,114.9,39.25,486.44
6/28/2024,210.62,446.95,115.12,39.77,509.26
7/2/2024,220.27,459.28,114.18,40.93,498.24
7/3/2024,221.55,460.77,114.76,40.9,489.89
7/8/2024,227.82,466.24,112.18,40.62,489.34
7/9/2024,228.68,459.54,110.94,41.42,492.11
7/10/2024,232.98,466.25,111.92,41.74,500.93
7/11/2024,227.57,454.7,113.25,41.81,504.36
7/12/2024,230.54,453.55,113.27,41.59,511.53
2/14/2022,168.88,295,78.98,47.42,474.4
7/16/2024,234.82,449.52,116.04,44.13,548.87
7/18/2024,224.18,440.37,118.8,43.01,564.34
2/17/2022,168.88,290.73,78.23,46.07,470.34
7/24/2024,218.54,428.9,115.01,42.19,559.75
7/25/2024,217.49,418.4,117.43,41.68,559.68
7/26/2024,217.96,425.27,117.33,41.67,569.72
7/29/2024,218.24,426.73,116.1,41.09,566.75
7/30/2024,218.8,422.92,118.17,41.28,576.33
7/31/2024,222.08,418.35,118.59,40.31,576.16
8/1/2024,218.36,417.11,116.95,39.5,572.77
8/2/2024,219.86,408.49,116.88,37.58,589.83
8/5/2024,209.27,395.15,114.77,36.65,569.96
2/22/2022,164.32,287.72,76.46,45.56,462.51
8/7/2024,209.82,398.43,115.68,37.3,566.08
8/8/2024,213.31,402.69,117.89,38.21,566.24
2/23/2022,160.07,280.27,76.77,44.78,459.62
8/14/2024,221.72,416.86,118.95,38.81,579.67
8/15/2024,224.72,421.03,118.73,39.03,579.61
8/16/2024,226.05,418.47,118.17,39.34,577.68
8/19/2024,225.89,421.53,118.53,39.67,578.78
2/25/2022,164.85,297.31,77.84,45.02,475.75
8/22/2024,224.53,415.55,114.73,39.24,578.72
8/27/2024,228.03,413.84,117.68,39.67,587.35
3/1/2021,127.79,236.94,56.4,35.79,334.65
8/29/2024,229.79,413.12,118.13,40.17,591.57
9/3/2024,222.77,409.44,115.47,40.7,598.68
9/4/2024,220.85,408.9,114.06,40.5,604.18
9/5/2024,222.38,408.39,113.17,40.14,595.49
9/6/2024,220.82,401.7,112.64,38.76,596.88
9/9/2024,220.91,405.72,115.01,39.47,594.1
3/2/2021,125.12,233.87,56.07,35.53,334.64
9/12/2024,222.77,427,111.23,38.78,588.42
3/3/2021,122.06,227.56,56.52,36.42,332.87
9/16/2024,216.32,431.34,112.71,39.1,589.14
3/15/2022,155.09,287.15,77.22,41.5,497.91
9/20/2024,228.2,435.27,115.27,40.27,575
9/23/2024,226.47,433.51,117.36,39.87,573.41
9/24/2024,227.37,429.17,117.05,39.45,575.19
9/25/2024,226.37,432.11,114.77,39.25,576.31
9/26/2024,227.52,431.31,112.8,39.52,574.81
3/16/2022,159.59,294.39,76.93,42.8,498.26
9/30/2024,233,430.3,117.22,39.68,584.68
10/1/2024,226.21,420.69,119.93,39.22,583.3
10/2/2024,226.78,417.13,121.52,39.23,592.31
10/3/2024,225.67,416.54,122.58,39.25,592.75
10/4/2024,226.8,416.06,124.83,40.11,591.2
10/7/2024,221.69,409.54,125.37,39.96,583.56
10/8/2024,225.77,414.71,122.04,39.93,581.58
10/9/2024,229.54,417.46,122.09,40.19,591.22
3/18/2022,163.98,300.43,78.67,42.9,506.12
10/16/2024,231.78,416.12,120.66,42.8,571.34
10/17/2024,232.15,416.72,120.35,42.6,566.03
10/18/2024,235,418.16,120.01,42.32,569.61
10/21/2024,236.48,418.78,120.08,41.76,571.47
10/23/2024,230.76,424.6,120.27,42.34,564.64
10/24/2024,230.57,424.73,119.59,42.65,560.81
10/25/2024,231.41,428.15,119.49,41.89,564.56
10/28/2024,233.4,426.59,118.9,42.62,565.24
10/29/2024,233.67,431.95,117.28,42.53,562.13
3/22/2022,168.82,304.06,81.84,44.18,505.32
10/31/2024,225.91,406.35,116.78,41.82,564.5
11/1/2024,222.91,410.37,114.95,41.76,567.56
11/4/2024,222.01,408.46,118.61,41.33,557.77
11/5/2024,223.45,411.46,118.96,41.88,567.03
11/6/2024,222.72,420.18,121,45.41,596.69
11/7/2024,227.48,425.43,121.15,44.77,605.45
11/8/2024,226.96,422.54,121.11,45.13,615.81
11/11/2024,224.23,418.01,120.47,46.08,625.25
11/12/2024,224.23,423.03,120.35,45.86,614.67
11/15/2024,225,415,119.31,46.75,592.23
11/18/2024,228.02,415.76,120.31,46.72,589.65
11/19/2024,228.28,417.79,118.63,46.41,577
11/20/2024,229,415.49,120.32,46.06,600.5
11/21/2024,228.52,412.87,121.93,46.46,597.49
11/22/2024,229.87,417,121.79,47,590.87
11/25/2024,232.87,418.79,119.97,47.5,605.83
3/24/2022,174.07,304.1,83.38,43.07,513.46
11/29/2024,237.33,423.46,117.96,47.51,610.2
12/3/2024,242.65,431.2,117.67,46.82,605.23
12/4/2024,243.01,437.42,114.28,46.37,610.79
12/5/2024,243.04,442.62,114.78,47,578.97
12/6/2024,242.84,443.57,113.57,46.75,549.62
12/9/2024,246.75,446.02,112.9,45.91,560.62
12/10/2024,247.77,443.33,112.67,45.75,565.19
12/11/2024,246.49,448.99,111.92,46.08,533.53
12/12/2024,247.96,449.56,111.82,46.08,515.76
12/13/2024,248.13,447.27,110.84,45.67,520.48
12/16/2024,251.04,451.59,108.47,45.47,498.5
3/28/2022,175.6,310.7,82.81,43.55,513.2
12/18/2024,248.05,437.39,106.42,43.5,499.72
12/20/2024,254.49,436.6,105.87,44.17,500.13
3/29/2022,178.96,315.41,82.37,43.44,510.73
12/24/2024,258.2,439.33,106.4,44.38,506.1
12/26/2024,259.02,438.11,106.49,44.55,511.15
12/27/2024,255.59,430.53,106.48,44.34,509.99
12/30/2024,252.2,424.83,105.76,43.91,507.8
1/2/2025,243.85,418.58,107.31,44.29,504.51
1/3/2025,243.36,423.35,107.86,44.81,513
1/6/2025,245,427.85,107.74,45.4,513.67
1/7/2025,242.21,422.37,108.75,46.08,514.25
1/8/2025,242.7,424.56,106.93,46.21,524.52
1/10/2025,236.85,418.95,106.54,45.11,520.69
1/13/2025,234.4,417.19,109.29,45.06,541.14
1/14/2025,233.28,415.67,109.72,45.78,543.74
1/15/2025,237.87,426.31,111.51,47.1,543.42
1/16/2025,228.26,424.58,111.32,46.64,510.59
1/17/2025,229.98,429.03,112.32,46.53,509.76
1/21/2025,222.64,428.5,111.47,46.66,524.99
1/23/2025,223.66,446.71,110.15,46.39,529.77
1/24/2025,222.78,444.06,108.66,46.52,532.51
4/1/2022,174.31,309.42,83.12,40.9,512.59
1/31/2025,236,415.06,106.83,46.3,542.49
4/5/2022,175.06,310.88,82.73,40.14,517.76
2/4/2025,232.8,412.37,109.96,46.71,545.45
2/5/2025,232.47,413.29,109.88,47.11,539.81
2/6/2025,233.22,415.82,108.43,47.74,530.04
2/7/2025,227.63,409.75,108.89,47.4,527.03
2/10/2025,227.65,412.22,110.97,46.67,533.37
2/11/2025,232.62,411.44,111.67,46.79,533.92
2/13/2025,241.53,410.54,108.13,46.33,531.18
2/14/2025,244.6,408.43,108.24,46.96,523.51
2/18/2025,244.47,409.64,110.14,46.53,500.73
2/19/2025,244.87,414.77,110.3,46.01,511.04
4/6/2022,171.83,299.5,83.65,39.7,531.75
2/21/2025,245.55,408.21,110.69,44.81,466.42
2/24/2025,247.1,404,111.27,44.46,461.52
2/25/2025,247.04,397.9,109.73,43.94,470.38
2/26/2025,240.36,399.73,109.46,43.94,463.59
2/28/2025,241.84,396.99,111.33,46.1,474.96
3/3/2025,238.03,388.49,107.76,45.56,467.05
3/4/2025,235.93,388.61,107.54,42.67,474.61
3/5/2025,235.74,401.02,105.44,42.29,475.98
3/6/2025,235.33,396.89,107.62,41.46,487.72
3/7/2025,239.07,393.31,109.02,41.4,493.48
3/10/2025,227.48,380.16,111.8,39.83,480.22
3/11/2025,220.84,380.45,109.16,39.61,486.04
3/12/2025,216.98,383.27,109.13,39.91,481.11
4/7/2022,172.14,301.37,85.05,39.39,536.95
3/14/2025,213.49,388.56,111.9,40.89,488.65
3/17/2025,214,388.7,113.76,41.44,499.02
3/18/2025,212.69,383.52,113.64,41.65,503.8
3/19/2025,215.24,387.82,115.41,42.21,503.2
3/20/2025,214.1,386.84,115.9,42.48,511.3
3/24/2025,220.73,393.08,115.8,43.07,516.5
3/26/2025,221.53,389.97,118.27,42.82,518.2
3/27/2025,223.85,390.58,117.89,42.56,515.72
3/28/2025,217.9,378.8,117.73,41.25,516.04
3/31/2025,222.13,375.39,118.93,41.73,523.75
4/1/2025,223.19,382.19,119.04,41.49,523.12
4/2/2025,223.89,382.14,118.67,41.85,523.2
4/3/2025,203.19,373.11,112.43,37.22,540.44
4/4/2025,188.38,359.84,104.34,34.39,525.05
4/7/2025,181.46,357.86,102.94,35.58,524.7
4/8/2025,172.42,354.56,100.77,35.03,553.08
4/9/2025,198.85,390.49,105.8,37.15,578.5
4/10/2025,190.42,381.35,99.93,35.85,594.4
4/11/2022,165.75,285.26,83.85,39.59,537.44
4/14/2025,202.52,387.81,103.39,36.67,587.06
4/15/2025,202.14,385.73,103.1,37.99,583.59
4/16/2025,194.27,371.61,104.19,37.33,585.04
4/17/2025,196.98,367.78,106.92,37.41,454.11
4/21/2025,193.16,359.12,105.35,36.92,425.33
4/22/2025,199.74,366.82,108.3,38.32,427.18
4/24/2025,208.37,387.3,108.63,39.58,424.25
4/25/2025,209.28,391.85,108.57,39.69,418.64
4/28/2025,210.14,391.16,108.63,39.78,420
4/29/2025,211.21,394.04,108.36,39.99,409.23
4/30/2025,212.5,395.26,105.63,39.88,411.44
5/1/2025,213.32,425.4,105.78,40.17,400.68
5/2/2025,205.35,435.28,106.21,41.07,399.92
5/5/2025,198.89,436.17,103.27,41.12,404.81
5/6/2025,198.51,433.31,104.71,40.84,394.51
5/7/2025,196.25,433.35,104.61,40.93,391.06
4/12/2022,167.66,282.06,85.6,39.17,533.71
5/9/2025,198.53,438.73,107.31,41.79,380.64
5/12/2025,210.79,449.26,109.16,43.36,378.75
4/13/2022,170.4,287.62,86.81,38.82,537
5/16/2025,211.26,454.27,108.19,44.69,291.91
4/14/2022,165.29,279.83,87.83,37.57,534.82
5/20/2025,206.86,458.17,104.95,44.69,321.58
5/21/2025,202.09,452.57,103.66,43.25,302.98
5/23/2025,195.27,450.18,103.03,43.2,295.57
5/27/2025,200.21,460.69,103.52,44.22,295
5/28/2025,200.42,457.36,102.11,44.06,298.11
5/29/2025,199.95,458.68,102.69,44.24,298.17
6/2/2025,201.7,461.97,103.05,44.08,304.72
4/19/2022,167.4,285.3,87.76,39.57,537.7
6/4/2025,202.82,463.87,102.3,44.36,300.38
6/5/2025,200.63,467.68,101.83,44.38,295.84
6/6/2025,203.92,470.38,104.27,44.97,303.22
6/9/2025,201.45,472.75,104.97,44.87,303.19
6/10/2025,202.67,470.92,107.22,45.09,303.79
6/11/2025,198.78,472.62,109.31,44.73,310.56
6/12/2025,199.2,478.87,109.73,44.62,318.5
4/20/2022,167.23,286.36,87.96,39.66,546.01
6/17/2025,195.64,478.04,114,44.23,308.87
6/18/2025,196.58,480.24,113.19,45.06,307.2
6/20/2025,201,477.4,114.7,45.5,302.01
6/23/2025,201.5,486,111.74,46.3,300.68
6/25/2025,201.56,492.27,108.37,46.85,302.02
4/21/2022,166.42,280.81,87.03,38.91,537.44
6/30/2025,205.17,497.41,107.8,47.32,311.97
7/1/2025,207.82,492.05,109.24,48.15,326.14
4/25/2022,162.88,280.72,82.26,37.29,524.27
7/7/2025,209.95,497.72,111.11,48.66,303.71
7/9/2025,211.14,503.51,113.8,46.84,302.91
7/10/2025,212.41,501.48,114.93,46.97,299.51
7/11/2025,211.16,503.32,115.43,46.73,304.1
7/14/2025,208.62,503.02,113.92,47.07,300.58
7/15/2025,209.11,505.82,112.91,46.15,291.71
7/16/2025,210.16,505.62,112.23,46.03,292.49
7/17/2025,210.02,511.7,111.66,47.02,288.07
7/18/2025,211.18,510.05,107.77,47.32,282.65
7/21/2025,212.48,510.06,108.05,47.48,282.14
7/23/2025,214.15,505.87,109.93,48.14,292.51
4/27/2022,156.57,283.22,84.64,36.25,513.81
7/25/2025,213.88,513.71,110.4,48.45,281.06
7/28/2025,214.05,512.5,111.44,48.23,282.12
7/30/2025,209.05,513.24,111.9,47.96,266.04
7/31/2025,207.57,533.5,111.64,47.27,249.56
8/1/2025,202.38,524.11,109.64,45.66,237.77
8/4/2025,203.35,535.64,107.37,45.85,240.98
4/28/2022,163.64,289.63,87.2,36.81,524.42
8/6/2025,213.25,524.94,106.51,45.42,245.78
8/7/2025,220.03,520.84,105.95,44.92,244.67
8/8/2025,229.35,522.04,106.8,46.01,250.89
8/13/2025,233.33,520.58,107.6,47.24,271.81
8/14/2025,232.78,522.48,107.38,47.71,271.49
8/15/2025,231.59,520.17,106.49,46.94,304.01
8/18/2025,230.89,517.1,106.72,47.92,308.49
8/19/2025,230.56,509.77,107.42,48.08,304.24
8/20/2025,226.01,505.72,108.53,48.35,299.84
8/21/2025,224.9,504.24,109.23,48.26,303.35
8/22/2025,227.76,507.23,111.28,49.48,307.42
8/25/2025,227.16,504.26,111.74,49.48,304.86
8/26/2025,229.31,502.04,111.49,50.25,300.43
5/2/2022,157.96,284.47,86.41,36.14,501.15
8/28/2025,232.56,509.64,113.35,50.49,302.29
5/3/2022,159.48,281.78,88.19,37.13,499.62
9/3/2025,238.47,505.35,111.91,50.06,307.88
9/4/2025,239.78,507.97,112.4,50.62,310.38
5/4/2022,166.02,289.98,91.7,38.62,507.62
9/9/2025,234.35,498.41,110.65,50.29,347.92
9/10/2025,226.79,500.37,112.5,50.13,346.78
9/11/2025,230.03,501.01,112.14,50.75,353.61
9/12/2025,234.07,509.9,112.16,50.58,352.51
9/15/2025,236.7,515.36,112.35,50.59,347.89
9/16/2025,238.15,509.04,114.68,50.66,339.78
5/5/2022,156.77,277.35,90.31,37.54,494.72
9/22/2025,256.08,514.45,112.02,51.92,341.3
9/23/2025,254.43,509.23,113.95,51.7,347.69
9/24/2025,252.31,510.15,114.56,51.7,351.81
9/25/2025,256.87,507.03,115.59,51.85,345.56
9/26/2025,255.46,511.46,117.22,52.21,344.08
9/30/2025,254.63,517.95,112.75,51.59,345.3
10/1/2025,255.45,519.71,111.99,50.68,348.3
10/2/2025,257.13,515.74,111.29,50.48,353.72
5/9/2022,152.06,264.58,84.46,36.37,486.42
10/6/2025,256.69,528.57,114.2,50.39,358.77
10/7/2025,256.48,523.98,114.26,50.29,363.66
10/8/2025,258.06,524.85,114.02,49.84,369.92
10/9/2025,254.04,522.4,112.91,49.79,367.69
10/10/2025,245.27,510.96,110.73,48.65,354.5
10/13/2025,247.66,514.05,112.24,48.86,358.66
10/15/2025,249.34,513.43,111.61,52.28,361.15
10/16/2025,247.45,511.61,110.64,50.44,356.67
10/17/2025,252.29,513.58,112.24,51.28,356.6
5/10/2022,154.51,269.5,85.02,35.76,488.01
10/22/2025,258.45,520.54,114.71,51.1,361.49
10/23/2025,259.58,520.56,115.98,51.76,360.45
10/24/2025,262.82,523.61,115.39,52.57,362.5
10/27/2025,268.81,531.52,115.94,53.02,365.98
10/28/2025,269,542.07,115.03,52.87,367.84
10/29/2025,269.7,541.55,116.45,52.58,355.26
10/30/2025,271.4,525.76,114.69,53.03,344.75
5/11/2022,146.5,260.55,86.79,35.57,486.15
11/3/2025,269.05,517.03,113.76,53.56,333.79
11/4/2025,270.04,514.33,114.14,53.54,330.83
11/5/2025,270.14,507.16,113.68,52.45,327.74
11/6/2025,269.77,497.1,114.5,53.29,321.56
11/10/2025,269.43,506,118.22,53.42,321.58
11/11/2025,275.25,508.68,119.78,53.63,327.45
5/12/2022,142.56,255.35,86.3,35.07,478.8
11/14/2025,272.41,510.18,119.29,52.61,321.86
11/17/2025,267.46,507.49,117.68,51.48,320.52
5/13/2022,147.11,261.12,88.86,35.17,485.4
11/19/2025,268.56,487.12,117.35,52.02,309.09
11/20/2025,266.25,478.43,117.02,51,311.54
11/24/2025,275.92,474,115.97,51.93,319.05
11/25/2025,276.97,476.99,114.51,52.48,326.28
11/26/2025,277.55,485.5,114.77,52.99,329.71
12/1/2025,283.1,486.74,116.63,53.24,323.21
5/17/2022,149.24,266.82,92.11,35.99,492.53
5/18/2022,140.82,254.08,90.65,34.88,471.38
12/5/2025,278.78,483.16,116.54,53.95,330.91
12/8/2025,277.89,491.02,115.98,53.9,323.62
12/9/2025,277.18,492.02,118.25,53.54,323.6
12/11/2025,278.03,483.47,119.54,54.56,336.73
12/15/2025,274.11,474.82,117.76,55.33,341.1
12/16/2025,274.61,476.39,114.68,54.81,334.2
12/17/2025,271.84,476.12,117.41,54.55,331.63
12/18/2025,272.19,483.98,116.54,54.26,328.14
12/19/2025,273.67,485.92,116.69,55.27,327.42
12/22/2025,270.97,484.92,118.15,55.88,325.16
12/23/2025,272.36,486.85,119.42,55.97,324.8
5/20/2022,137.59,252.56,91.86,33.86,485.73
12/26/2025,273.4,487.71,119.11,56.17,331.83
12/29/2025,273.76,487.1,120.53,55.35,328.94
12/31/2025,271.86,483.62,120.34,55,330.11
5/23/2022,143.11,260.65,93.89,35.87,492.08
1/5/2026,267.26,472.85,125.36,56.89,342.02
1/6/2026,262.36,478.51,121.05,57.25,348.97
1/8/2026,259.04,478.11,122.91,56.18,346.85
1/12/2026,260.25,477.18,124.03,55.19,340.51
1/13/2026,261.05,470.67,126.54,54.54,333.93
1/14/2026,259.96,459.38,130.2,52.48,334.96
1/15/2026,258.21,456.66,129.13,52.59,338.96
1/16/2026,255.53,459.86,129.89,52.97,331.02
1/20/2026,246.7,454.52,130.46,52.1,338.43
1/21/2026,247.65,444.11,133.61,52.07,347.75
1/22/2026,248.35,451.14,133.64,52.45,354.47
1/23/2026,248.04,465.95,134.97,51.72,356.26
1/26/2026,255.41,470.28,134.84,52.02,351.64
1/27/2026,258.27,480.58,136.83,52.17,282.7
1/28/2026,256.44,481.63,137.58,51.81,294.02
1/29/2026,258.28,433.5,140.51,53.08,292.29
1/30/2026,259.48,430.29,141.4,53.2,286.93
5/25/2022,140.52,262.52,96.3,35.84,498.09
5/26/2022,143.78,265.9,96.64,36.67,502.23
5/31/2022,148.84,271.87,96,37.2,496.78
6/3/2022,145.38,270.02,99.09,36.19,485.61
6/6/2022,146.14,268.75,98.84,36.15,490.18
6/7/2022,148.71,272.5,103.37,36.35,497.1
6/9/2022,142.64,264.79,102.33,34.51,489.43
6/10/2022,137.13,252.99,100.46,33.17,484.63
6/13/2022,131.88,242.26,95.85,32.02,469.7
6/16/2022,130.06,244.97,91.39,31.85,456.09
6/21/2022,135.87,253.74,91.48,32.85,480.32
6/22/2022,135.35,253.13,87.86,32.6,489.68
6/23/2022,138.27,258.86,85.21,32.08,499.81
6/24/2022,141.66,267.7,86.9,32.31,495.64
6/29/2022,139.23,260.26,88.12,31.86,515.71
6/30/2022,136.72,256.83,85.64,31.13,513.63
7/1/2022,138.93,259.58,87.55,31.56,517.4
7/5/2022,141.56,262.85,84.81,31.24,505.24
7/6/2022,142.92,266.21,83.28,30.98,515.29
7/7/2022,146.35,268.4,85.94,31.86,514.38
7/12/2022,145.86,253.67,84.5,31.36,514.42
7/18/2022,147.07,254.25,86.1,32.26,519.37
7/19/2022,151,259.53,88.27,33.35,533.45
7/20/2022,153.04,262.27,89.24,33.36,519.47
7/25/2022,152.95,258.83,89.98,33.73,529.47
7/26/2022,151.6,251.9,89.63,33.05,531.59
7/27/2022,156.79,268.74,91.57,33.59,534.61
7/28/2022,157.35,276.41,92.64,33.32,541.49
8/4/2022,165.81,283.65,87.19,33.4,533.75
8/5/2022,165.35,282.91,88.45,33.96,535.06
8/9/2022,164.92,282.3,90.59,33.92,537.26
8/10/2022,169.24,289.16,91.45,35.07,537.72
8/11/2022,168.49,287.02,93.19,35.91,532.86
8/12/2022,172.1,291.91,94,36.3,543.7
8/15/2022,173.19,293.47,92.32,36.25,544.64
8/16/2022,173.03,292.71,91.46,36.64,546.12
8/18/2022,174.15,290.17,94.38,36.28,545.22
8/22/2022,167.57,277.75,94.01,34.72,544.57
8/25/2022,170.03,278.85,99.09,35.14,541.57
8/31/2022,157.22,261.47,95.59,33.61,519.33
9/2/2022,155.81,256.06,95.59,33.43,516.35
9/6/2022,154.53,253.25,94.95,33.06,517.68
9/7/2022,155.96,258.09,94.14,33.57,521.68
9/9/2022,157.37,264.46,96.5,34.94,524.34
9/13/2022,153.84,251.99,95.33,34,513.96
9/22/2022,152.74,240.98,90.57,32.5,517.46
9/23/2022,150.43,237.92,85.75,31.73,513.61
9/26/2022,150.77,237.45,83.98,31.03,508.36
9/28/2022,149.84,241.07,88.86,31.07,513.94
9/30/2022,138.2,232.9,87.31,30.2,505.04
10/3/2022,142.45,240.74,91.92,31.09,515.51
10/4/2022,146.1,248.88,95.27,32.38,523.17
10/5/2022,146.4,249.2,99.12,31.92,527.07
10/6/2022,145.43,246.79,102.06,31.46,519.13
10/7/2022,140.09,234.24,101.03,30.75,504.85
10/11/2022,138.98,225.41,98,29.77,499.81
10/14/2022,138.38,228.56,99.19,31.7,513.13
10/19/2022,143.86,236.48,103.79,33.92,520.32
10/21/2022,147.27,242.12,105.86,34.95,533.73
10/26/2022,149.35,231.32,107.14,35.7,543.17
10/28/2022,155.74,235.87,110.7,36.18,551.24
11/2/2022,145.03,220.1,109.61,36.09,543.43
11/7/2022,138.92,227.87,113.64,37.01,545.02
11/17/2022,150.72,241.68,113.06,37.17,515.31
12/2/2022,147.81,255.02,109.86,36.08,536.16
12/19/2022,132.37,240.45,105.17,32.06,523.6
12/22/2022,132.23,238.19,105.88,32.39,527.09
1/3/2023,125.07,239.58,106.51,33.51,518.64
1/10/2023,130.73,228.85,110.09,34.12,486
1/12/2023,133.41,238.51,113.22,34.47,495.67
1/26/2023,143.96,248,117.76,35.34,492.48
1/30/2023,143,242.71,113.56,35.3,485.79
2/8/2023,151.92,266.73,113.92,36.5,483.22
2/9/2023,150.87,263.62,114.35,35.72,485.73
2/15/2023,155.33,269.32,116.07,35.56,491.25
2/22/2023,148.91,251.51,109.73,34.29,488.89
2/28/2023,147.41,249.42,109.91,34.3,475.94
3/17/2023,155,279.43,99.84,27.82,469.5
3/28/2023,157.65,275.23,107.12,28.12,472.58
3/30/2023,162.36,284.05,109.49,28.3,470.06
3/31/2023,164.9,288.3,109.66,28.6,472.59
4/5/2023,163.76,284.34,116.99,27.64,509.23
4/6/2023,164.66,291.6,115.05,27.84,512.81
4/12/2023,160.1,283.49,115.23,28.48,521.19
4/17/2023,165.23,288.8,114.7,30.37,505.35
4/19/2023,167.63,288.45,116.57,30.06,486.2
4/20/2023,166.65,286.11,115.64,29.9,487.46
4/21/2023,165.02,285.76,116.01,29.87,483.82
5/2/2023,168.54,305.41,110.1,28.16,493.39
5/5/2023,173.57,310.65,108.68,27.71,494.28
5/8/2023,173.5,308.65,109.11,27.69,492.62
5/25/2023,172.99,325.92,105.66,28.17,477.7
6/6/2023,179.21,333.68,106.15,29.23,487.57
6/15/2023,186.01,348.1,105.89,29.37,465.89
6/16/2023,184.92,342.33,105.13,29.19,458.49
6/23/2023,186.68,335.02,102.4,27.75,477
6/29/2023,189.59,335.05,106.7,28.66,476.44
7/3/2023,192.46,337.99,107.46,29.2,477.88
7/5/2023,191.33,338.15,106.91,29.08,471.22
7/10/2023,188.61,331.83,104.69,28.66,463.05
7/13/2023,190.54,342.66,104.54,29.67,447.75
7/14/2023,190.69,345.24,100.94,29.11,480.17
7/20/2023,193.13,346.87,103.41,31.69,504.24
7/21/2023,191.94,343.77,103.89,31.98,506.53
8/1/2023,195.605,336.34,106.62,31.62,504.74
8/2/2023,192.58,327.5,105.29,31.19,504.8
8/7/2023,178.85,330.11,107.2,31.88,510.74
8/9/2023,178.19,322.23,109.56,30.86,502.11
8/14/2023,179.46,324.04,111.92,30.93,510.93
8/24/2023,176.38,319.97,106.35,28.62,488.1
8/25/2023,178.61,322.98,108.25,28.5,489.12
9/6/2023,182.91,332.88,114.51,28.39,476.94
9/13/2023,174.21,336.06,116.44,28.88,479.84
9/21/2023,173.93,319.53,114.76,28.05,501.14
9/28/2023,170.69,313.64,119.47,27.56,510.1
10/3/2023,172.4,313.39,115.83,25.91,509.47
10/6/2023,177.49,327.26,107.17,26.07,524.81
10/9/2023,178.99,329.82,110.92,26.31,526.51
10/17/2023,177.15,332.06,111.39,27.62,536.65
10/20/2023,172.88,326.67,111.08,26.31,527.03
10/30/2023,170.29,337.31,105.88,25.69,529.99
10/31/2023,170.77,338.11,105.85,26.34,535.56
11/2/2023,177.57,348.32,109.11,27.62,536.13
11/8/2023,182.89,363.2,102.93,27.89,536.73
11/10/2023,186.4,369.67,103.75,27.68,541.21
11/14/2023,187.44,370.27,104.29,29.22,540.46
11/20/2023,191.45,377.44,104.5,30.01,535.1
11/21/2023,190.64,373.07,104.46,29.66,539.59
12/11/2023,193.18,371.3,99.62,30.85,543.68
12/14/2023,198.11,365.93,101.58,33.94,534.24
1/3/2024,184.25,370.6,103.22,33.53,542.03
1/23/2024,195.18,398.9,97.91,32.77,515.52
1/25/2024,194.17,404.87,102.13,33.39,493.4
1/30/2024,188.04,408.59,104.85,34.79,503.61
2/9/2024,188.85,420.55,101.77,33.07,518.22
2/22/2024,184.37,411.65,104.76,33.61,526.5
3/14/2024,173,425.22,111.47,35.69,489
3/19/2024,176.08,421.41,113.09,36.03,493.32
3/20/2024,178.67,425.23,112.99,36.75,494.23
3/22/2024,172.28,428.74,113.49,37.05,490.07
4/2/2024,168.84,421.44,119.28,37.3,458.14
4/8/2024,168.45,424.59,120.55,37.5,456
4/10/2024,167.78,423.26,122.2,36.65,450.05
4/24/2024,169.02,409.06,121.05,38.32,487.3
4/30/2024,170.33,389.33,118.27,37.01,483.7
5/7/2024,182.4,409.34,116.17,37.84,500.96
5/8/2024,182.74,410.54,116.15,37.71,503.21
5/17/2024,189.87,420.21,119.64,39.29,524.63
5/21/2024,192.35,429.04,117.85,39.65,523.55
5/22/2024,190.9,430.52,115.48,39.76,521.35
5/24/2024,189.98,430.16,113.42,39.7,508.17
5/30/2024,191.29,414.67,113.99,38.63,481.65
5/31/2024,192.25,415.13,117.26,39.99,495.37
6/7/2024,196.89,423.85,112.75,39.78,490.69
6/10/2024,193.12,427.87,113.08,39.67,495
6/14/2024,212.49,442.57,109.11,39.24,497.12
6/25/2024,209.07,450.95,114.37,39.38,484.5
7/1/2024,216.75,456.73,114.96,40.01,494.65
7/5/2024,226.34,467.56,113.37,40.41,488.01
7/15/2024,234.4,453.96,115.21,41.89,515.37
7/17/2024,228.88,443.52,117.64,43.98,573.28
7/19/2024,224.31,437.11,116.07,42.9,565.33
7/22/2024,223.96,442.94,115.27,42.3,558.53
7/23/2024,225.01,444.85,113.41,42.41,554.7
8/6/2024,207.23,399.61,114.16,36.92,568.35
8/9/2024,216.24,406.02,118.85,38.28,558.76
8/12/2024,217.53,406.81,119,38.17,565.29
8/13/2024,221.27,414.01,117.86,38.46,574.24
8/20/2024,226.51,424.8,114.58,38.69,580.65
8/21/2024,226.4,424.14,113.85,38.75,578.07
8/23/2024,226.84,416.79,116.32,39.77,584.51
8/26/2024,227.18,413.49,118.81,39.92,587.13
2/28/2022,165.12,298.79,78.42,44.2,475.87
3/1/2022,163.2,294.95,79.17,42.47,476.25
3/2/2022,166.56,300.19,80.53,43.16,485.38
3/3/2022,166.23,295.92,81.04,42.49,486.59
3/4/2022,163.17,289.86,84.09,40.95,498.65
3/8/2022,157.44,275.85,87.78,38.59,473.46
8/28/2024,226.49,410.6,116.52,39.95,588.54
3/14/2022,150.62,276.44,81.88,41.2,487.92
8/30/2024,229,417.14,117.94,40.75,590.2
9/10/2024,220.11,414.2,110.82,39.28,599.03
9/11/2024,222.66,423.04,109.72,39,589.75
9/19/2024,228.87,438.69,116,40.87,577.07
9/27/2024,227.79,428.02,115.82,39.4,581.85
10/10/2024,229.04,415.84,123.14,39.97,597.7
10/11/2024,227.55,416.32,123.61,41.95,598.05
10/14/2024,231.3,419.14,124.08,41.91,605.4
10/15/2024,233.85,418.74,120.35,42.14,556.29
10/22/2024,235.86,427.51,120.7,42.3,569.86
10/30/2024,230.1,432.53,116.69,42.31,562.96
11/13/2024,225.12,425.2,121.47,45.87,605.87
11/14/2024,228.22,426.89,120.56,45.9,593.15
11/26/2024,235.06,427.99,117.97,47.75,606.79
11/27/2024,234.93,422.99,117.66,47.77,608.38
12/2/2024,239.59,430.98,117.85,47.04,608.52
12/17/2024,253.48,454.46,108.01,45.05,485.52
12/19/2024,249.79,437.03,105.51,43.38,489.25
12/23/2024,255.27,435.25,106.3,43.89,506.34
12/31/2024,250.42,421.5,107.57,43.95,505.86
1/22/2025,223.83,446.2,109.53,45.79,519.72
1/27/2025,229.86,434.56,110.17,47.09,543.52
1/28/2025,238.26,447.2,108.04,46.84,542.48
1/29/2025,239.36,442.33,108.67,46.75,538.1
1/30/2025,237.59,414.99,109.57,46.72,545.57
2/3/2025,228.01,410.92,107.09,46.21,548.18
2/12/2025,236.87,409.04,107.35,46.21,527.4
2/20/2025,245.83,416.13,112,45.3,502.42
2/27/2025,237.3,392.53,110.15,44.12,468.56
3/13/2025,209.68,378.77,108.67,39.67,481.52
3/21/2025,218.27,391.26,115.5,42.47,516.85
3/25/2025,223.75,395.16,116.59,43.28,513.43
4/11/2025,198.15,388.45,103.14,35.95,599.47
4/23/2025,204.6,374.39,107.37,38.75,427.96
5/8/2025,197.49,438.17,106.07,41.6,385.55
5/13/2025,212.93,449.14,109.46,44.28,311.38
5/14/2025,212.33,452.94,108.48,44.74,308.01
5/15/2025,211.45,453.13,108.58,44.38,274.35
5/19/2025,208.78,458.87,106.47,44.77,315.89
5/22/2025,201.36,454.86,102.97,43.31,296.67
5/30/2025,200.85,460.36,102.3,44.13,301.91
6/3/2025,203.27,462.97,103.8,44.65,301.22
6/13/2025,196.45,474.96,112.12,44.09,313.53
6/16/2025,198.42,479.14,112.48,44.41,307.66
6/24/2025,200.3,490.11,108.34,46.66,305.62
6/26/2025,201,497.45,109.99,47.46,302.62
6/27/2025,201.08,495.94,109.38,47.12,309.11
7/2/2025,212.44,491.09,111.05,48.71,307.56
7/3/2025,213.55,498.84,112.2,48.93,308.55
7/8/2025,210.01,496.62,114.19,47.15,307.7
7/22/2025,214.4,505.27,108.54,47.77,285.13
7/24/2025,213.76,510.88,110.79,48.39,278.58
7/29/2025,211.27,512.57,112.88,47.95,261.07
8/5/2025,202.92,527.75,107.24,45.56,251
8/11/2025,227.18,521.77,105.83,46.16,252.37
8/12/2025,229.65,529.24,106.13,47.5,261.57
8/27/2025,230.49,506.74,112.75,50.38,303.88
8/29/2025,232.14,506.69,114.29,50.74,309.87
9/2/2025,229.72,505.12,114.69,50.42,308.8
9/5/2025,239.69,495,109.23,49.77,315.39
9/8/2025,237.88,498.2,109.85,49.46,320.25
9/17/2025,238.99,510.02,115.29,51.4,341.61
9/18/2025,237.88,508.45,113.93,52.13,334.82
9/19/2025,245.5,517.93,112.82,52.25,336.69
9/29/2025,254.43,514.6,114.22,52.42,345.18
10/3/2025,258.02,517.35,113.26,50.64,360.2
10/14/2025,247.77,513.57,112.29,50.09,359.93
10/20/2025,262.24,516.79,112.7,52.04,364.48
10/21/2025,262.77,517.66,112.71,51.52,365.37
10/31/2025,270.37,517.81,114.36,53.45,341.56
11/7/2025,268.47,496.82,117.22,53.2,324.21
11/12/2025,273.47,511.14,118.12,54.11,339.06
11/13/2025,272.95,503.29,118.79,52.87,332.52
11/18/2025,267.44,493.79,119.03,51.64,313.58
11/21/2025,271.49,472.12,117.08,51.56,319.97
11/28/2025,278.85,492.01,115.92,53.65,329.77
12/2/2025,286.19,490,115.38,53.19,324.54
12/3/2025,284.15,477.73,117.8,54.09,339.71
12/4/2025,280.7,480.84,117.14,54.16,333.49
12/10/2025,278.78,478.56,119.54,54.08,328.37
12/12/2025,278.28,478.53,118.82,55.14,341.84
12/24/2025,273.81,488.02,119.22,56.25,327.58
12/30/2025,273.08,487.48,120.99,55.28,332.16
1/2/2026,271.01,472.94,122.65,55.95,336.4
1/7/2026,260.33,483.47,118.49,55.64,341.7
1/9/2026,259.37,479.28,124.61,55.85,343.98
9/13/2024,222.5,430.59,111.15,38.65,594.32
9/17/2024,216.79,435.15,114.18,39.55,577.96
9/18/2024,220.69,430.81,114.58,39.62,580.65
2/2/2026,270.01,423.37,138.4,54.03,285.59
2/3/2026,269.48,411.21,143.73,54.45,284.18
2/4/2026,276.49,414.19,147.59,55.38,275.92
2/5/2026,275.91,393.67,146.08,54.94,268.55
2/6/2026,278.12,401.14,149.05,56.53,276.65
2/9/2026,274.62,413.6,151.21,56.41,275.7
2/10/2026,273.68,413.27,151.59,55.39,273.22
2/11/2026,275.5,404.37,155.56,53.85,278.91
2/12/2026,261.73,401.84,149.93,52.52,284.37
2/13/2026,255.78,401.32,148.45,52.55,293.19
2/17/2026,263.88,396.86,146.19,52.74,289.09
2/18/2026,264.35,399.6,150.68,53.36,288.2
2/19/2026,260.58,398.46,150.97,52.77,289.93
2/20/2026,264.58,397.23,147.28,53.06,290
2/23/2026,266.18,384.47,150.76,51.07,282.34
2/24/2026,272.14,389,149.26,50.41,273.95
2/25/2026,274.23,400.6,149.06,51.69,284.2
2/26/2026,272.95,401.72,148.54,52.3,286.66
2/27/2026,264.18,392.74,152.5,49.83,293.27
3/2/2026,264.72,398.55,154.22,49.81,294.93
3/3/2026,263.75,403.93,151.83,49.97,289.21
3/4/2026,262.52,405.2,149.82,50.3,291.96
3/5/2026,260.29,410.68,150.76,49.81,288.77
3/6/2026,257.46,408.96,151.21,48.64,286.48
3/9/2026,259.88,409.41,150.44,47.9,285.17
3/10/2026,260.83,405.76,148.13,48.56,282.34
3/11/2026,260.81,404.88,151.58,48.52,285.25
3/12/2026,255.76,401.86,153.53,47.13,277.05
3/13/2026,250.12,395.55,156.12,46.72,282.09
3/16/2026,252.82,399.95,157.23,47.06,285.49
3/17/2026,254.23,399.41,158.81,47.28,287.57
3/18/2026,249.94,391.79,157.59,46.83,284.33
3/19/2026,248.96,389.02,158.16,47.01,280.44
3/20/2026,247.99,381.87,159.67,47.16,275.59
3/23/2026,251.49,383,161.13,47.52,269.54
3/24/2026,251.64,372.74,165.38,48.14,272.28
3/25/2026,252.62,371.04,163.26,48.75,270.55
3/26/2026,252.89,365.97,165.43,48.24,268.05
3/27/2026,248.8,356.77,170.99,46.97,259.02
3/30/2026,246.63,358.96,171.47,47.23,261.79
3/31/2026,253.79,370.17,169.66,48.75,270.59
4/1/2026,255.63,369.37,160.78,49.27,273.98
4/2/2026,255.92,373.46,160.69,49.38,277.26
4/6/2026,258.86,372.88,163.37,50.06,281.36
4/7/2026,253.5,372.29,163.91,50.28,307.73
4/8/2026,258.9,374.33,156.22,51.88,305.98
